,run_number,ctx_name,lib_name,is_computed,lattice_construction_time (secs),intent_time (secs),extent_time (secs),timeout_seconds,n_objects,n_attributes,n_connections,density,is_random
0,0,random_10_10_0.1,concepts,True,0.0006750000175088644,5.045500074629672e-06,4.4571002035809215e-06,300.0,10.0,10.0,9.0,0.09,True
1,0,random_10_10_0.1,fcapy,True,0.001988000003620982,4.0505001379642636e-06,5.913199856877328e-06,300.0,10.0,10.0,9.0,0.09,True
2,0,animal_movement,concepts,True,0.0008229999803006648,5.1382999117777226e-06,3.93270011045388e-06,300.0,16.0,4.0,24.0,0.375,False
3,0,animal_movement,fcapy,True,0.0019239999819546934,4.7939001888153135e-06,6.89450007484993e-06,300.0,16.0,4.0,24.0,0.375,False
4,0,gewaesser,concepts,True,0.0012760000536218286,4.166599865129683e-06,4.051999894727487e-06,300.0,8.0,6.0,24.0,0.5,False
5,0,gewaesser,fcapy,True,0.006095000077039003,4.484199962462298e-06,6.235699856915744e-06,300.0,8.0,6.0,24.0,0.5,False
6,0,liveinwater,concepts,True,0.0009689999860711397,4.325000190874562e-06,4.688899934990332e-06,300.0,8.0,9.0,34.0,0.4722222222222222,False
7,0,liveinwater,fcapy,True,0.004050999879837036,4.924499990011099e-06,6.3215002228389486e-06,300.0,8.0,9.0,34.0,0.4722222222222222,False
8,0,random_30_10_0.1,concepts,True,0.0031000000890344377,7.027700121398084e-06,4.676800017477945e-06,300.0,30.0,10.0,38.0,0.12666666666666668,True
9,0,random_30_10_0.1,fcapy,True,0.00505700008943677,5.456599865283351e-06,8.030199751374312e-06,300.0,30.0,10.0,38.0,0.12666666666666668,True
10,0,random_10_30_0.1,concepts,True,0.0014570000348612664,4.768300186697161e-06,6.6647999119595625e-06,300.0,10.0,30.0,39.0,0.13,True
11,0,random_10_30_0.1,fcapy,True,0.005344999954104424,4.8368001444032416e-06,6.6551001509651525e-06,300.0,10.0,30.0,39.0,0.13,True
12,0,digits,concepts,True,0.0024180000182241197,4.9607001528784175e-06,4.603100023814477e-06,300.0,10.0,7.0,47.0,0.6714285714285714,False
13,0,digits,fcapy,True,0.015232999809086325,5.092900210001972e-06,7.311500212381361e-06,300.0,10.0,7.0,47.0,0.6714285714285714,False
14,0,random_10_50_0.1,concepts,True,0.0016789999790489676,5.141600013303105e-06,8.890900062397122e-06,300.0,10.0,50.0,48.0,0.096,True
15,0,random_10_50_0.1,fcapy,True,0.005884999874979258,4.992699814465595e-06,7.2974999056896195e-06,300.0,10.0,50.0,48.0,0.096,True
16,0,random_10_10_0.5,concepts,True,0.002309999894350767,4.745500064018415e-06,4.5924998630653135e-06,300.0,10.0,10.0,51.0,0.51,True
17,0,random_10_10_0.5,fcapy,True,0.01352099981158972,4.991200057702372e-06,6.663200110779144e-06,300.0,10.0,10.0,51.0,0.51,True
18,0,random_30_30_0.1,concepts,True,0.007476000115275383,6.914200184837683e-06,6.64570006847498e-06,300.0,30.0,30.0,84.0,0.09333333333333334,True
19,0,random_30_30_0.1,fcapy,True,0.030082000419497486,5.608099854725879e-06,8.548699952370951e-06,300.0,30.0,30.0,84.0,0.09333333333333334,True
20,0,tealady,concepts,True,0.004883000161498785,5.769500148744555e-06,5.076500201539602e-06,300.0,18.0,14.0,89.0,0.3531746031746032,False
21,0,tealady,fcapy,True,0.02805200032889843,5.3966000450600404e-06,7.230500159494113e-06,300.0,18.0,14.0,89.0,0.3531746031746032,False
22,0,random_10_10_0.9,concepts,True,0.0008430000161752107,5.316299848345807e-06,5.21870015290915e-06,300.0,10.0,10.0,90.0,0.9,True
23,0,random_10_10_0.9,fcapy,True,0.003009000094607473,6.193899935169611e-06,8.298199645651039e-06,300.0,10.0,10.0,90.0,0.9,True
24,0,lattice,concepts,True,0.0017099999822676182,5.546200100070562e-06,5.337699803931173e-06,300.0,14.0,16.0,93.0,0.41517857142857145,False
25,0,lattice,fcapy,True,0.006252999883145094,5.5589998737559645e-06,7.586999799968907e-06,300.0,14.0,16.0,93.0,0.41517857142857145,False
26,0,random_100_10_0.1,concepts,True,0.031067999079823494,1.4428500435315073e-05,5.572299869527343e-06,300.0,100.0,10.0,100.0,0.1,True
27,0,random_100_10_0.1,fcapy,True,0.011322000063955784,9.106899597099984e-06,1.4203599675965961e-05,300.0,100.0,10.0,100.0,0.1,True
28,0,random_10_30_0.5,concepts,True,0.008845999836921692,5.66930020795553e-06,6.8034000832994926e-06,300.0,10.0,30.0,139.0,0.4633333333333333,True
29,0,random_10_30_0.5,fcapy,True,0.21986399590969088,6.220700015546754e-06,7.271999947988661e-06,300.0,10.0,30.0,139.0,0.4633333333333333,True
30,0,random_30_10_0.5,concepts,True,0.02605500072240829,6.943299922568257e-06,5.6137000683520455e-06,300.0,30.0,10.0,146.0,0.4866666666666667,True
31,0,random_30_10_0.5,fcapy,True,0.2440530061721801,6.183499863254838e-06,9.631599823478611e-06,300.0,30.0,10.0,146.0,0.4866666666666667,True
32,0,random_30_50_0.1,concepts,True,0.014961999841034412,7.2889001785370056e-06,9.038400094141252e-06,300.0,30.0,50.0,154.0,0.10266666666666667,True
33,0,random_30_50_0.1,fcapy,True,0.06949199736118318,6.1863001974415965e-06,8.91820036486024e-06,300.0,30.0,50.0,154.0,0.10266666666666667,True
34,0,random_10_50_0.5,concepts,True,0.02298199944198132,7.025700142548883e-06,9.176499588647856e-06,300.0,10.0,50.0,255.0,0.51,True
35,0,random_10_50_0.5,fcapy,True,2.0678811073303223,8.044799869821873e-06,7.874799848650582e-06,300.0,10.0,50.0,255.0,0.51,True
36,0,random_10_30_0.9,concepts,True,0.008213000372052194,7.407099928968819e-06,7.32850003259955e-06,300.0,10.0,30.0,267.0,0.89,True
37,0,random_10_30_0.9,fcapy,True,0.4430640041828156,9.944100384018384e-06,9.247100024367683e-06,300.0,10.0,30.0,267.0,0.89,True
38,0,random_30_10_0.9,concepts,True,0.037310000509023666,7.646999620192219e-06,7.415700110868784e-06,300.0,30.0,10.0,276.0,0.92,True
39,0,random_30_10_0.9,fcapy,True,52.34232711791992,8.049900316109415e-06,1.4215699593478348e-05,300.0,30.0,10.0,276.0,0.92,True
40,0,random_100_30_0.1,concepts,True,0.170974999666214,1.4532100067299325e-05,7.568500222987495e-06,300.0,100.0,30.0,294.0,0.098,True
41,0,random_100_30_0.1,fcapy,True,0.2911269962787628,9.680299626779744e-06,1.4907600416336207e-05,300.0,100.0,30.0,294.0,0.098,True
42,0,random_30_30_0.5,concepts,True,0.9073690176010132,1.3378799849306233e-05,1.640150003368035e-05,300.0,30.0,30.0,442.0,0.4911111111111111,True
43,0,random_30_30_0.5,fcapy,True,,1.0387900147179609e-05,2.0422099623829126e-05,300.0,30.0,30.0,442.0,0.4911111111111111,True
44,0,random_10_50_0.9,concepts,True,0.05691700056195259,9.923899597197304e-06,1.653380058996845e-05,300.0,10.0,50.0,455.0,0.91,True
45,0,random_10_50_0.9,fcapy,True,,1.3933099580754059e-05,1.692529986030422e-05,300.0,10.0,50.0,455.0,0.91,True
46,0,random_100_50_0.1,concepts,True,0.34444698691368103,1.4898500012350269e-05,1.6396599676227194e-05,300.0,100.0,50.0,481.0,0.0962,True
47,0,random_100_50_0.1,fcapy,True,0.821071982383728,9.474700163991656e-06,2.168890023312997e-05,300.0,100.0,50.0,481.0,0.0962,True
48,0,random_100_10_0.5,concepts,True,0.4916220009326935,1.4631599697167983e-05,1.603070086275693e-05,300.0,100.0,10.0,496.0,0.496,True
49,0,random_100_10_0.5,fcapy,True,12.807913780212402,9.629099622543436e-06,2.7172300178790465e-05,300.0,100.0,10.0,496.0,0.496,True
50,0,random_30_50_0.5,concepts,True,2.687237024307251,8.468899977742694e-06,1.6311299987137318e-05,300.0,30.0,50.0,715.0,0.4766666666666667,True
51,0,random_30_50_0.5,fcapy,True,,8.294299732369836e-06,1.7097599993576292e-05,300.0,30.0,50.0,715.0,0.4766666666666667,True
52,0,random_30_30_0.9,concepts,True,44.57205581665039,9.441299880563749e-06,1.6015699657145888e-05,300.0,30.0,30.0,809.0,0.8988888888888888,True
53,0,random_30_30_0.9,fcapy,True,,1.1027999789803287e-05,2.0651299564633522e-05,300.0,30.0,30.0,809.0,0.8988888888888888,True
54,0,random_100_10_0.9,concepts,True,0.923757016658783,1.5364199498435482e-05,2.1277499399730004e-05,300.0,100.0,10.0,894.0,0.894,True
55,0,random_100_10_0.9,fcapy,True,,1.4243400073610244e-05,4.61429990536999e-05,300.0,100.0,10.0,894.0,0.894,True
56,0,random_30_50_0.9,concepts,True,,1.4007399840920695e-05,2.1846799427294172e-05,300.0,30.0,50.0,1361.0,0.9073333333333332,True
57,0,random_30_50_0.9,fcapy,True,,1.761070052452851e-05,2.569209937064443e-05,300.0,30.0,50.0,1361.0,0.9073333333333332,True
58,0,random_100_30_0.5,concepts,True,154.06431579589844,1.8906799596152275e-05,2.0180199499009174e-05,300.0,100.0,30.0,1562.0,0.5206666666666667,True
59,0,random_100_30_0.5,fcapy,True,,1.2779700227838475e-05,3.163449946441688e-05,300.0,100.0,30.0,1562.0,0.5206666666666667,True
60,0,random_100_50_0.5,concepts,True,,1.577160037413705e-05,1.8837499737855985e-05,300.0,100.0,50.0,2462.0,0.4924,True
61,0,random_100_50_0.5,fcapy,True,,1.4182600352796726e-05,3.08361995848827e-05,300.0,100.0,50.0,2462.0,0.4924,True
62,0,random_100_30_0.9,concepts,True,,2.0305900761741214e-05,2.597419916128274e-05,300.0,100.0,30.0,2659.0,0.8863333333333333,True
63,0,random_100_30_0.9,fcapy,True,,1.4191899936122354e-05,3.582459976314567e-05,300.0,100.0,30.0,2659.0,0.8863333333333333,True
64,0,bob_ross,concepts,True,50.26502227783203,5.201240128371865e-05,2.0164499801467173e-05,300.0,403.0,67.0,3221.0,0.11929187807858968,False
65,0,bob_ross,fcapy,True,,2.520220004953444e-05,5.143040107213892e-05,300.0,403.0,67.0,3221.0,0.11929187807858968,False
66,0,random_100_50_0.9,concepts,True,,2.2139800421427925e-05,2.87274997390341e-05,300.0,100.0,50.0,4514.0,0.9028,True
67,0,random_100_50_0.9,fcapy,True,,2.0775800294359215e-05,4.4140699174022295e-05,300.0,100.0,50.0,4514.0,0.9028,True
68,1,random_10_10_0.1,concepts,True,0.0007820000173524022,5.573100224864902e-06,1.286429960600799e-05,300.0,10.0,10.0,9.0,0.09,True
69,1,random_10_10_0.1,fcapy,True,0.0024129999801516533,5.000500095775351e-06,1.5053899915073998e-05,300.0,10.0,10.0,9.0,0.09,True
70,1,animal_movement,concepts,True,0.0009699999936856328,6.353200205921894e-06,1.2449700079741888e-05,300.0,16.0,4.0,24.0,0.375,False
71,1,animal_movement,fcapy,True,0.002296000020578504,5.627300197375007e-06,1.6348099961760454e-05,300.0,16.0,4.0,24.0,0.375,False
72,1,gewaesser,concepts,True,0.0015510000521317124,5.177600087336032e-06,1.2537800103018526e-05,300.0,8.0,6.0,24.0,0.5,False
73,1,gewaesser,fcapy,True,0.007519999984651805,5.274299837765284e-06,1.552620051370468e-05,300.0,8.0,6.0,24.0,0.5,False
74,1,liveinwater,concepts,True,0.0011820000363513827,5.353700089472113e-06,1.290969976253109e-05,300.0,8.0,9.0,34.0,0.4722222222222222,False
75,1,liveinwater,fcapy,True,0.005030999891459942,6.028999905538512e-06,1.55849993461743e-05,300.0,8.0,9.0,34.0,0.4722222222222222,False
76,1,random_30_10_0.1,concepts,True,0.002956999931484461,8.264800271717831e-06,1.1885999811056536e-05,300.0,30.0,10.0,38.0,0.12666666666666668,True
77,1,random_30_10_0.1,fcapy,True,0.005018000025302172,5.525299911823822e-06,1.5122899640118705e-05,300.0,30.0,10.0,38.0,0.12666666666666668,True
78,1,random_10_30_0.1,concepts,True,0.0014690000098198652,4.7221001295838505e-06,1.350270031252876e-05,300.0,10.0,30.0,39.0,0.13,True
79,1,random_10_30_0.1,fcapy,True,0.005264000035822392,4.765900030179182e-06,1.3585299711849075e-05,300.0,10.0,30.0,39.0,0.13,True
80,1,digits,concepts,True,0.002369999885559082,4.849100150750019e-06,1.1457799701020122e-05,300.0,10.0,7.0,47.0,0.6714285714285714,False
81,1,digits,fcapy,True,0.015424000099301338,5.031000000599306e-06,1.4270200153987387e-05,300.0,10.0,7.0,47.0,0.6714285714285714,False
82,1,random_10_50_0.1,concepts,True,0.0016769999638199804,4.965399966749828e-06,1.576249997015111e-05,300.0,10.0,50.0,48.0,0.096,True
83,1,random_10_50_0.1,fcapy,True,0.005752000026404858,5.040999894845298e-06,1.4073099919187369e-05,300.0,10.0,50.0,48.0,0.096,True
84,1,random_10_10_0.5,concepts,True,0.002338000107556581,4.999899829272181e-06,1.1505499969644005e-05,300.0,10.0,10.0,51.0,0.51,True
85,1,random_10_10_0.5,fcapy,True,0.013306000269949436,4.97920018460718e-06,1.3822599612467457e-05,300.0,10.0,10.0,51.0,0.51,True
86,1,random_30_30_0.1,concepts,True,0.007187000010162592,6.897900220792508e-06,1.3607999790110625e-05,300.0,30.0,30.0,84.0,0.09333333333333334,True
87,1,random_30_30_0.1,fcapy,True,0.02989999949932098,5.5956998039619074e-06,1.5466799595742483e-05,300.0,30.0,30.0,84.0,0.09333333333333334,True
88,1,tealady,concepts,True,0.004875000100582838,5.9357998907216825e-06,1.2069500371580945e-05,300.0,18.0,14.0,89.0,0.3531746031746032,False
89,1,tealady,fcapy,True,0.027323000133037567,5.22680011272314e-06,1.4278900380304547e-05,300.0,18.0,14.0,89.0,0.3531746031746032,False
90,1,random_10_10_0.9,concepts,True,0.0008609999786131084,5.408699962572428e-06,1.2173700270068366e-05,300.0,10.0,10.0,90.0,0.9,True
91,1,random_10_10_0.9,fcapy,True,0.003502999898046255,6.328500148811145e-06,1.530960071249865e-05,300.0,10.0,10.0,90.0,0.9,True
92,1,lattice,concepts,True,0.0016860000323504214,5.664000127580948e-06,1.2351600162219254e-05,300.0,14.0,16.0,93.0,0.41517857142857145,False
93,1,lattice,fcapy,True,0.006353000178933144,5.682699793396751e-06,1.466409958084114e-05,300.0,14.0,16.0,93.0,0.41517857142857145,False
94,1,random_100_10_0.1,concepts,True,0.03099099919199944,1.463839998905314e-05,1.2562099982460495e-05,300.0,100.0,10.0,100.0,0.1,True
95,1,random_100_10_0.1,fcapy,True,0.011043000034987926,9.143000170297457e-06,2.1397199816419746e-05,300.0,100.0,10.0,100.0,0.1,True
96,1,random_10_30_0.5,concepts,True,0.008662999607622623,5.731600140279625e-06,1.3766099982603922e-05,300.0,10.0,30.0,139.0,0.4633333333333333,True
97,1,random_10_30_0.5,fcapy,True,0.21255600452423096,6.259299880184699e-06,1.423390040145023e-05,300.0,10.0,30.0,139.0,0.4633333333333333,True
98,1,random_30_10_0.5,concepts,True,0.0257949996739626,6.912800017744303e-06,1.2661200344155075e-05,300.0,30.0,10.0,146.0,0.4866666666666667,True
99,1,random_30_10_0.5,fcapy,True,0.2477270066738129,6.05730019742623e-06,1.6666099327267148e-05,300.0,30.0,10.0,146.0,0.4866666666666667,True
100,1,random_30_50_0.1,concepts,True,0.014847000129520891,7.223400189104723e-06,1.5878300473559648e-05,300.0,30.0,50.0,154.0,0.10266666666666667,True
101,1,random_30_50_0.1,fcapy,True,0.06852100044488907,5.999000222800532e-06,1.5807499949005432e-05,300.0,30.0,50.0,154.0,0.10266666666666667,True
102,1,random_10_50_0.5,concepts,True,0.022579999640583992,6.964599833736429e-06,1.615089968254324e-05,300.0,10.0,50.0,255.0,0.51,True
103,1,random_10_50_0.5,fcapy,True,2.0691490173339844,8.000900379556697e-06,1.4908599951013455e-05,300.0,10.0,50.0,255.0,0.51,True
104,1,random_10_30_0.9,concepts,True,0.00814799964427948,7.466000170097686e-06,1.4381100299942773e-05,300.0,10.0,30.0,267.0,0.89,True
105,1,random_10_30_0.9,fcapy,True,0.44849801063537603,9.88549982139375e-06,1.6313100786646825e-05,300.0,10.0,30.0,267.0,0.89,True
106,1,random_30_10_0.9,concepts,True,0.037436001002788544,7.6104001891508224e-06,1.4395500329555945e-05,300.0,30.0,10.0,276.0,0.92,True
107,1,random_30_10_0.9,fcapy,True,52.44075775146485,7.885199920565357e-06,2.0737899831146933e-05,300.0,30.0,10.0,276.0,0.92,True
108,1,random_100_30_0.1,concepts,True,0.17087799310684204,1.475530007155612e-05,1.4736900084244553e-05,300.0,100.0,30.0,294.0,0.098,True
109,1,random_100_30_0.1,fcapy,True,0.2659200131893158,9.700100235932041e-06,2.197419962612912e-05,300.0,100.0,30.0,294.0,0.098,True
110,1,random_30_30_0.5,concepts,True,0.764847993850708,7.79410038376227e-06,1.4348600416269619e-05,300.0,30.0,30.0,442.0,0.4911111111111111,True
111,1,random_30_30_0.5,fcapy,True,,7.269999969139462e-06,1.688940028543584e-05,300.0,30.0,30.0,442.0,0.4911111111111111,True
112,1,random_10_50_0.9,concepts,True,0.06912100315093994,1.2532799701148178e-05,1.974299993889872e-05,300.0,10.0,50.0,455.0,0.91,True
113,1,random_10_50_0.9,fcapy,True,,1.7095599105232395e-05,2.026900074270088e-05,300.0,10.0,50.0,455.0,0.91,True
114,1,random_100_50_0.1,concepts,True,0.42860299348831177,1.831880035751965e-05,1.964759940165095e-05,300.0,100.0,50.0,481.0,0.0962,True
115,1,random_100_50_0.1,fcapy,True,1.0483160018920898,1.153209996118676e-05,2.6241099476465024e-05,300.0,100.0,50.0,481.0,0.0962,True
116,1,random_100_10_0.5,concepts,True,0.6462299823760986,2.2179900042829104e-05,2.2268299289862625e-05,300.0,100.0,10.0,496.0,0.496,True
117,1,random_100_10_0.5,fcapy,True,15.90750503540039,1.1815300240414215e-05,3.490909875836224e-05,300.0,100.0,10.0,496.0,0.496,True
118,1,random_30_50_0.5,concepts,True,3.3077850341796875,1.0239799848932307e-05,1.9639799575088542e-05,300.0,30.0,50.0,715.0,0.4766666666666667,True
119,1,random_30_50_0.5,fcapy,True,,9.825599590840284e-06,2.0288300220272504e-05,300.0,30.0,50.0,715.0,0.4766666666666667,True
120,1,random_30_30_0.9,concepts,True,44.554969787597656,9.417900400876532e-06,1.6189700545510274e-05,300.0,30.0,30.0,809.0,0.8988888888888888,True
121,1,random_30_30_0.9,fcapy,True,,1.0888100405281875e-05,2.103820042975713e-05,300.0,30.0,30.0,809.0,0.8988888888888888,True
122,1,random_100_10_0.9,concepts,True,0.7596660256385803,1.5459800124517642e-05,2.1328100046957846e-05,300.0,100.0,10.0,894.0,0.894,True
123,1,random_100_10_0.9,fcapy,True,,1.125230028264923e-05,3.803140134550631e-05,300.0,100.0,10.0,894.0,0.894,True
124,1,random_30_50_0.9,concepts,True,,1.1490200449770782e-05,1.8233600712846965e-05,300.0,30.0,50.0,1361.0,0.9073333333333332,True
125,1,random_30_50_0.9,fcapy,True,,1.4168499546940438e-05,2.1449799533002082e-05,300.0,30.0,50.0,1361.0,0.9073333333333332,True
126,1,random_100_30_0.5,concepts,True,152.89096069335938,1.9175300622009672e-05,2.0801500795641917e-05,300.0,100.0,30.0,1562.0,0.5206666666666667,True
127,1,random_100_30_0.5,fcapy,True,,1.2972100194019733e-05,3.18827987939585e-05,300.0,100.0,30.0,1562.0,0.5206666666666667,True
128,1,random_100_50_0.5,concepts,True,,1.5798199456185102e-05,1.873789915407542e-05,300.0,100.0,50.0,2462.0,0.4924,True
129,1,random_100_50_0.5,fcapy,True,,1.1339099728502333e-05,2.566329931141809e-05,300.0,100.0,50.0,2462.0,0.4924,True
130,1,random_100_30_0.9,concepts,True,,1.6484500520164147e-05,2.198309994128067e-05,300.0,100.0,30.0,2659.0,0.8863333333333333,True
131,1,random_100_30_0.9,fcapy,True,,1.7165100871352482e-05,4.336329948273488e-05,300.0,100.0,30.0,2659.0,0.8863333333333333,True
132,1,bob_ross,concepts,True,62.26336288452149,6.145829684101045e-05,2.415999915683642e-05,300.0,403.0,67.0,3221.0,0.11929187807858968,False
133,1,bob_ross,fcapy,True,,3.094870044151321e-05,6.296100036706775e-05,300.0,403.0,67.0,3221.0,0.11929187807858968,False
134,1,random_100_50_0.9,concepts,True,,1.817289921746124e-05,2.4038499759626568e-05,300.0,100.0,50.0,4514.0,0.9028,True
135,1,random_100_50_0.9,fcapy,True,,1.7394400856574066e-05,3.6166500649414957e-05,300.0,100.0,50.0,4514.0,0.9028,True
136,2,random_10_10_0.1,concepts,True,0.0007989999721758068,5.865800176252377e-06,1.2970799616596194e-05,300.0,10.0,10.0,9.0,0.09,True
137,2,random_10_10_0.1,fcapy,True,0.002448000013828277,5.1525998969736975e-06,1.5170099686656613e-05,300.0,10.0,10.0,9.0,0.09,True
138,2,animal_movement,concepts,True,0.000981000019237399,6.669799859082556e-06,1.2597600289154798e-05,300.0,16.0,4.0,24.0,0.375,False
139,2,animal_movement,fcapy,True,0.002299000043421984,5.796399818791543e-06,1.6508800399606116e-05,300.0,16.0,4.0,24.0,0.375,False
140,2,gewaesser,concepts,True,0.0015660000499337912,5.350700121198314e-06,1.260310000361642e-05,300.0,8.0,6.0,24.0,0.5,False
141,2,gewaesser,fcapy,True,0.007637999951839447,5.4235001698543775e-06,1.5590600014547814e-05,300.0,8.0,6.0,24.0,0.5,False
142,2,liveinwater,concepts,True,0.0012130000395700336,5.488900114869466e-06,1.3046300409769175e-05,300.0,8.0,9.0,34.0,0.4722222222222222,False
143,2,liveinwater,fcapy,True,0.004765000194311142,5.908900220674696e-06,1.566239916428458e-05,300.0,8.0,9.0,34.0,0.4722222222222222,False
144,2,random_30_10_0.1,concepts,True,0.003665999975055456,8.412100214627571e-06,1.3379300071392207e-05,300.0,30.0,10.0,38.0,0.12666666666666668,True
145,2,random_30_10_0.1,fcapy,True,0.006651000119745731,6.917300197528674e-06,1.7758500689524226e-05,300.0,30.0,10.0,38.0,0.12666666666666668,True
146,2,random_10_30_0.1,concepts,True,0.0018459999701008198,6.0299998949631126e-06,1.6098099877126515e-05,300.0,10.0,30.0,39.0,0.13,True
147,2,random_10_30_0.1,fcapy,True,0.006794000044465065,5.998800133966142e-06,1.658369910728652e-05,300.0,10.0,30.0,39.0,0.13,True
148,2,digits,concepts,True,0.0033209999091923237,6.011599907651544e-06,1.3381400094658604e-05,300.0,10.0,7.0,47.0,0.6714285714285714,False
149,2,digits,fcapy,True,0.01978600025177002,6.476000180555275e-06,1.6920299458433874e-05,300.0,10.0,7.0,47.0,0.6714285714285714,False
150,2,random_10_50_0.1,concepts,True,0.0025309999473392963,6.304399903456215e-06,1.8710599761107005e-05,300.0,10.0,50.0,48.0,0.096,True
151,2,random_10_50_0.1,fcapy,True,0.007174000144004822,6.236500212253303e-06,1.6640400644973852e-05,300.0,10.0,50.0,48.0,0.096,True
152,2,random_10_10_0.5,concepts,True,0.002845000009983778,6.0108000070613335e-06,1.3457300156005658e-05,300.0,10.0,10.0,51.0,0.51,True
153,2,random_10_10_0.5,fcapy,True,0.017071999609470367,6.3601000874768926e-06,1.6209900422836654e-05,300.0,10.0,10.0,51.0,0.51,True
154,2,random_30_30_0.1,concepts,True,0.00902399979531765,8.683499800099527e-06,1.614239954506047e-05,300.0,30.0,30.0,84.0,0.09333333333333334,True
155,2,random_30_30_0.1,fcapy,True,0.02990799956023693,7.008400189079112e-06,1.7454600310884416e-05,300.0,30.0,30.0,84.0,0.09333333333333334,True
156,2,tealady,concepts,True,0.004937999881803989,5.701000191038474e-06,1.2122800399083646e-05,300.0,18.0,14.0,89.0,0.3531746031746032,False
157,2,tealady,fcapy,True,0.028446000069379807,5.331400188879344e-06,1.4332000318972861e-05,300.0,18.0,14.0,89.0,0.3531746031746032,False
158,2,random_10_10_0.9,concepts,True,0.000830999983008951,5.41969984624302e-06,1.2199800039525145e-05,300.0,10.0,10.0,90.0,0.9,True
159,2,random_10_10_0.9,fcapy,True,0.003026999998837709,6.308000138233182e-06,1.53540004248498e-05,300.0,10.0,10.0,90.0,0.9,True
160,2,lattice,concepts,True,0.0017300000181421638,5.584799964708509e-06,1.2371699995128438e-05,300.0,14.0,16.0,93.0,0.41517857142857145,False
161,2,lattice,fcapy,True,0.0063599999994039536,5.577299816650338e-06,1.4643999747931956e-05,300.0,14.0,16.0,93.0,0.41517857142857145,False
162,2,random_100_10_0.1,concepts,True,0.03125299885869026,1.4494099559669849e-05,1.2591700397024395e-05,300.0,100.0,10.0,100.0,0.1,True
163,2,random_100_10_0.1,fcapy,True,0.011377999559044838,9.049799700733273e-06,2.172109998355154e-05,300.0,100.0,10.0,100.0,0.1,True
164,2,random_10_30_0.5,concepts,True,0.013511000201106071,5.812999916088303e-06,1.380869980494026e-05,300.0,10.0,30.0,139.0,0.4633333333333333,True
165,2,random_10_30_0.5,fcapy,True,0.21408799290657046,7.264200121426255e-06,1.4403600289369932e-05,300.0,10.0,30.0,139.0,0.4633333333333333,True
166,2,random_30_10_0.5,concepts,True,0.025962000712752342,6.980500074860173e-06,1.2571699699037708e-05,300.0,30.0,10.0,146.0,0.4866666666666667,True
167,2,random_30_10_0.5,fcapy,True,0.24848200380802155,5.9713997870858285e-06,1.6709800547687337e-05,300.0,30.0,10.0,146.0,0.4866666666666667,True
168,2,random_30_50_0.1,concepts,True,0.015247999690473081,8.471000001009088e-06,1.604329918336589e-05,300.0,30.0,50.0,154.0,0.10266666666666667,True
169,2,random_30_50_0.1,fcapy,True,0.06981600075960159,6.802500138292089e-06,1.6117899576784105e-05,300.0,30.0,50.0,154.0,0.10266666666666667,True
170,2,random_10_50_0.5,concepts,True,0.022545000538229942,6.860700068500593e-06,1.6105299437185753e-05,300.0,10.0,50.0,255.0,0.51,True
171,2,random_10_50_0.5,fcapy,True,2.0611279010772705,8.087799869826995e-06,1.4936999832571015e-05,300.0,10.0,50.0,255.0,0.51,True
172,2,random_10_30_0.9,concepts,True,0.008128000423312187,7.536799785157201e-06,1.4529599866364151e-05,300.0,10.0,30.0,267.0,0.89,True
173,2,random_10_30_0.9,fcapy,True,0.4454340040683745,9.868400411505718e-06,1.6367799617000856e-05,300.0,10.0,30.0,267.0,0.89,True
174,2,random_30_10_0.9,concepts,True,0.037659000605344765,7.539999842265387e-06,1.4389899661182424e-05,300.0,30.0,10.0,276.0,0.92,True
175,2,random_30_10_0.9,fcapy,True,58.864341735839844,7.697200089751277e-06,2.092400063702371e-05,300.0,30.0,10.0,276.0,0.92,True
176,2,random_100_30_0.1,concepts,True,0.2129420042037964,1.823919956223108e-05,1.724379944789689e-05,300.0,100.0,30.0,294.0,0.098,True
177,2,random_100_30_0.1,fcapy,True,0.3199310004711151,1.1558799997146707e-05,2.6335699658375233e-05,300.0,100.0,30.0,294.0,0.098,True
178,2,random_30_30_0.5,concepts,True,0.9416030049324036,9.433199920749756e-06,1.688859993009828e-05,300.0,30.0,30.0,442.0,0.4911111111111111,True
179,2,random_30_30_0.5,fcapy,True,,8.955100383900572e-06,2.0251700334483758e-05,300.0,30.0,30.0,442.0,0.4911111111111111,True
180,2,random_10_50_0.9,concepts,True,0.0708250030875206,1.2334499842836522e-05,1.9862700355588465e-05,300.0,10.0,50.0,455.0,0.91,True
181,2,random_10_50_0.9,fcapy,True,,1.7048700101440772e-05,2.061970008071512e-05,300.0,10.0,50.0,455.0,0.91,True
182,2,random_100_50_0.1,concepts,True,0.4262860119342804,1.814579991332721e-05,1.9616800273070112e-05,300.0,100.0,50.0,481.0,0.0962,True
183,2,random_100_50_0.1,fcapy,True,1.0085649490356443,1.1536500096553935e-05,2.643049992911984e-05,300.0,100.0,50.0,481.0,0.0962,True
184,2,random_100_10_0.5,concepts,True,0.5896250009536743,1.815229916246608e-05,1.946880001924001e-05,300.0,100.0,10.0,496.0,0.496,True
185,2,random_100_10_0.5,fcapy,True,15.790693283081055,1.1593800081755035e-05,3.3177300792885944e-05,300.0,100.0,10.0,496.0,0.496,True
186,2,random_30_50_0.5,concepts,True,3.3170061111450195,1.0368999937782064e-05,1.9640199752757326e-05,300.0,30.0,50.0,715.0,0.4766666666666667,True
187,2,random_30_50_0.5,fcapy,True,,9.908399988489693e-06,2.064900036202744e-05,300.0,30.0,50.0,715.0,0.4766666666666667,True
188,2,random_30_30_0.9,concepts,True,44.59477615356445,9.328099622507581e-06,1.6324400348821655e-05,300.0,30.0,30.0,809.0,0.8988888888888888,True
189,2,random_30_30_0.9,fcapy,True,,1.0690900126064662e-05,2.1069199647172354e-05,300.0,30.0,30.0,809.0,0.8988888888888888,True
190,2,random_100_10_0.9,concepts,True,0.7600319981575012,1.538700053060893e-05,2.1624700821121227e-05,300.0,100.0,10.0,894.0,0.894,True
191,2,random_100_10_0.9,fcapy,True,,1.1639500371529719e-05,3.820610072580166e-05,300.0,100.0,10.0,894.0,0.894,True
192,2,random_30_50_0.9,concepts,True,,1.1418699614296202e-05,1.8384200302534737e-05,300.0,30.0,50.0,1361.0,0.9073333333333332,True
193,2,random_30_50_0.9,fcapy,True,,1.4056799955142193e-05,2.144669997505844e-05,300.0,30.0,50.0,1361.0,0.9073333333333332,True
194,2,random_100_30_0.5,concepts,True,151.98126220703125,1.549099943076726e-05,1.7368400222039778e-05,300.0,100.0,30.0,1562.0,0.5206666666666667,True
195,2,random_100_30_0.5,fcapy,True,,1.7753200154402293e-05,3.873589957947843e-05,300.0,100.0,30.0,1562.0,0.5206666666666667,True
196,2,random_100_50_0.5,concepts,True,,1.5716599591542035e-05,1.8691000150283802e-05,300.0,100.0,50.0,2462.0,0.4924,True
197,2,random_100_50_0.5,fcapy,True,,1.1196800187462939e-05,2.5748300686245784e-05,300.0,100.0,50.0,2462.0,0.4924,True
198,2,random_100_30_0.9,concepts,True,,2.0243300241418186e-05,2.6237799829686992e-05,300.0,100.0,30.0,2659.0,0.8863333333333333,True
199,2,random_100_30_0.9,fcapy,True,,1.7064900021068752e-05,4.3399300921009853e-05,300.0,100.0,30.0,2659.0,0.8863333333333333,True
200,2,bob_ross,concepts,True,62.11305236816406,6.150340050226076e-05,2.4182099878089506e-05,300.0,403.0,67.0,3221.0,0.11929187807858968,False
201,2,bob_ross,fcapy,True,,3.877489871229045e-05,5.600100121228024e-05,300.0,403.0,67.0,3221.0,0.11929187807858968,False
202,2,random_100_50_0.9,concepts,True,,2.517360007914249e-05,1.6948299162322655e-05,300.0,100.0,50.0,4514.0,0.9028,True
203,2,random_100_50_0.9,fcapy,True,,2.395490082562901e-05,2.9430200811475512e-05,300.0,100.0,50.0,4514.0,0.9028,True
204,3,random_10_10_0.1,concepts,True,0.0006549999816343187,1.1950000043725595e-05,4.157800049142679e-06,300.0,10.0,10.0,9.0,0.09,True
205,3,random_10_10_0.1,fcapy,True,0.0020280000753700733,1.1228499715798534e-05,6.122600098024122e-06,300.0,10.0,10.0,9.0,0.09,True
206,3,animal_movement,concepts,True,0.0008030000026337802,1.2426899957063142e-05,3.904000095644734e-06,300.0,16.0,4.0,24.0,0.375,False
207,3,animal_movement,fcapy,True,0.0019239999819546934,1.1781499779317528e-05,7.075900157360593e-06,300.0,16.0,4.0,24.0,0.375,False
208,3,gewaesser,concepts,True,0.0012750000460073352,1.1346200153639074e-05,3.894499968737364e-06,300.0,8.0,6.0,24.0,0.5,False
209,3,gewaesser,fcapy,True,0.007792999967932702,1.1529100447660312e-05,6.383700110745849e-06,300.0,8.0,6.0,24.0,0.5,False
210,3,liveinwater,concepts,True,0.0009850000496953726,1.130679993366357e-05,4.253899987816112e-06,300.0,8.0,9.0,34.0,0.4722222222222222,False
211,3,liveinwater,fcapy,True,0.003879999974742532,1.1867899956996553e-05,6.338199909805553e-06,300.0,8.0,9.0,34.0,0.4722222222222222,False
212,3,random_30_10_0.1,concepts,True,0.002936000004410744,1.3831700016453393e-05,4.542599981505191e-06,300.0,30.0,10.0,38.0,0.12666666666666668,True
213,3,random_30_10_0.1,fcapy,True,0.0069400002248585215,1.2472200069169048e-05,8.166400220943617e-06,300.0,30.0,10.0,38.0,0.12666666666666668,True
214,3,random_10_30_0.1,concepts,True,0.001500000013038516,1.1891500435012855e-05,6.4089999796124175e-06,300.0,10.0,30.0,39.0,0.13,True
215,3,random_10_30_0.1,fcapy,True,0.00715600000694394,1.1939499927393625e-05,6.706599833705695e-06,300.0,10.0,30.0,39.0,0.13,True
216,3,digits,concepts,True,0.004275000188499689,1.1916000403289218e-05,4.587599960359512e-06,300.0,10.0,7.0,47.0,0.6714285714285714,False
217,3,digits,fcapy,True,0.01700500026345253,1.2209399756102354e-05,7.346799975493923e-06,300.0,10.0,7.0,47.0,0.6714285714285714,False
218,3,random_10_50_0.1,concepts,True,0.0036480000708252187,1.221410002472112e-05,8.58289968164172e-06,300.0,10.0,50.0,48.0,0.096,True
219,3,random_10_50_0.1,fcapy,True,0.005805000197142364,1.1995700333500281e-05,7.120700047380524e-06,300.0,10.0,50.0,48.0,0.096,True
220,3,random_10_10_0.5,concepts,True,0.002325000008568168,1.186400004371535e-05,4.55210010841256e-06,300.0,10.0,10.0,51.0,0.51,True
221,3,random_10_10_0.5,fcapy,True,0.01358800008893013,1.2239699572091922e-05,6.848999873909634e-06,300.0,10.0,10.0,51.0,0.51,True
222,3,random_30_30_0.1,concepts,True,0.007269999943673611,1.4035499589226676e-05,6.644399945798796e-06,300.0,30.0,30.0,84.0,0.09333333333333334,True
223,3,random_30_30_0.1,fcapy,True,0.030849000439047813,1.2704100299743006e-05,8.656699719722383e-06,300.0,30.0,30.0,84.0,0.09333333333333334,True
224,3,tealady,concepts,True,0.004858999978750944,1.278669969906332e-05,4.968099801772041e-06,300.0,18.0,14.0,89.0,0.3531746031746032,False
225,3,tealady,fcapy,True,0.02757599949836731,1.2504799997259395e-05,7.489300060115056e-06,300.0,18.0,14.0,89.0,0.3531746031746032,False
226,3,random_10_10_0.9,concepts,True,0.0008229999803006648,1.2434399650373962e-05,5.19539980814443e-06,300.0,10.0,10.0,90.0,0.9,True
227,3,random_10_10_0.9,fcapy,True,0.0030950000509619713,1.3503599802788813e-05,8.253599844465496e-06,300.0,10.0,10.0,90.0,0.9,True
228,3,lattice,concepts,True,0.0017610000213608144,1.2511700333561748e-05,5.290599801810458e-06,300.0,14.0,16.0,93.0,0.41517857142857145,False
229,3,lattice,fcapy,True,0.00661499984562397,1.2576900189742446e-05,7.587900199723662e-06,300.0,14.0,16.0,93.0,0.41517857142857145,False
230,3,random_100_10_0.1,concepts,True,0.031895000487565994,2.1688400011044e-05,5.992600108584156e-06,300.0,100.0,10.0,100.0,0.1,True
231,3,random_100_10_0.1,fcapy,True,0.011397999711334705,1.5984000128810294e-05,1.4579100025002845e-05,300.0,100.0,10.0,100.0,0.1,True
232,3,random_10_30_0.5,concepts,True,0.008913000114262104,1.2853100088250358e-05,6.596800176339458e-06,300.0,10.0,30.0,139.0,0.4633333333333333,True
233,3,random_10_30_0.5,fcapy,True,0.2147919982671737,1.3462299648381306e-05,7.376600024144864e-06,300.0,10.0,30.0,139.0,0.4633333333333333,True
234,3,random_30_10_0.5,concepts,True,0.025855999439954758,1.4015399756317493e-05,5.697299911844311e-06,300.0,30.0,10.0,146.0,0.4866666666666667,True
235,3,random_30_10_0.5,fcapy,True,0.2479429990053177,1.31050001073163e-05,9.881499863695352e-06,300.0,30.0,10.0,146.0,0.4866666666666667,True
236,3,random_30_50_0.1,concepts,True,0.015115999616682531,1.4360100067278836e-05,8.77070033311611e-06,300.0,30.0,50.0,154.0,0.10266666666666667,True
237,3,random_30_50_0.1,fcapy,True,0.14234599471092224,1.3141399904270655e-05,9.10580001800554e-06,300.0,30.0,50.0,154.0,0.10266666666666667,True
238,3,random_10_50_0.5,concepts,True,0.022515000775456432,1.401959980285028e-05,8.990999958768953e-06,300.0,10.0,50.0,255.0,0.51,True
239,3,random_10_50_0.5,fcapy,True,2.059736967086792,1.5110300410015045e-05,7.822999577911105e-06,300.0,10.0,50.0,255.0,0.51,True
240,3,random_10_30_0.9,concepts,True,0.008062000386416912,1.4494699826173019e-05,7.210399871837581e-06,300.0,10.0,30.0,267.0,0.89,True
241,3,random_10_30_0.9,fcapy,True,0.4480589926242829,1.687320036580786e-05,9.127999874181114e-06,300.0,10.0,30.0,267.0,0.89,True
242,3,random_30_10_0.9,concepts,True,0.0375639982521534,1.4730800103279764e-05,7.374199867626884e-06,300.0,30.0,10.0,276.0,0.92,True
243,3,random_30_10_0.9,fcapy,True,52.8480339050293,1.4994099728937726e-05,1.3764500181423498e-05,300.0,30.0,10.0,276.0,0.92,True
244,3,random_100_30_0.1,concepts,True,0.17156000435352325,2.1573900085058995e-05,7.621400072821416e-06,300.0,100.0,30.0,294.0,0.098,True
245,3,random_100_30_0.1,fcapy,True,0.2693620026111603,1.6199599485844377e-05,1.5054700270411553e-05,300.0,100.0,30.0,294.0,0.098,True
246,3,random_30_30_0.5,concepts,True,0.7666590213775635,1.4768300388823263e-05,7.268200079124654e-06,300.0,30.0,30.0,442.0,0.4911111111111111,True
247,3,random_30_30_0.5,fcapy,True,,1.4346500393003225e-05,1.009639981930377e-05,300.0,30.0,30.0,442.0,0.4911111111111111,True
248,3,random_10_50_0.9,concepts,True,0.07033900171518326,2.037890044448432e-05,1.1726199772965629e-05,300.0,10.0,50.0,455.0,0.91,True
249,3,random_10_50_0.9,fcapy,True,,2.5204899429809305e-05,1.2137299563619305e-05,300.0,10.0,50.0,455.0,0.91,True
250,3,random_100_50_0.1,concepts,True,0.3442679941654205,2.1918400307185948e-05,9.411700375494547e-06,300.0,100.0,50.0,481.0,0.0962,True
251,3,random_100_50_0.1,fcapy,True,0.8247609734535217,1.6335299733327698e-05,1.5091900422703476e-05,300.0,100.0,50.0,481.0,0.0962,True
252,3,random_100_10_0.5,concepts,True,0.4743059873580933,2.158720053557772e-05,9.353499990538694e-06,300.0,100.0,10.0,496.0,0.496,True
253,3,random_100_10_0.5,fcapy,True,13.958882331848145,1.6751100702094845e-05,2.0730800315504894e-05,300.0,100.0,10.0,496.0,0.496,True
254,3,random_30_50_0.5,concepts,True,3.3133959770202637,1.8270999134983867e-05,1.1747900316549927e-05,300.0,30.0,50.0,715.0,0.4766666666666667,True
255,3,random_30_50_0.5,fcapy,True,,1.7995000234805048e-05,1.2692799828073476e-05,300.0,30.0,50.0,715.0,0.4766666666666667,True
256,3,random_30_30_0.9,concepts,True,54.39387893676758,1.6617999790469188e-05,9.028500244312454e-06,300.0,30.0,30.0,809.0,0.8988888888888888,True
257,3,random_30_30_0.9,fcapy,True,,2.1459800336742774e-05,1.7153799490188255e-05,300.0,30.0,30.0,809.0,0.8988888888888888,True
258,3,random_100_10_0.9,concepts,True,0.7640470266342163,2.271690027555451e-05,1.443030032532988e-05,300.0,100.0,10.0,894.0,0.894,True
259,3,random_100_10_0.9,fcapy,True,,1.8539400116424083e-05,3.109440149273724e-05,300.0,100.0,10.0,894.0,0.894,True
260,3,random_30_50_0.9,concepts,True,,1.8736400306806893e-05,1.1015199561370537e-05,300.0,30.0,50.0,1361.0,0.9073333333333332,True
261,3,random_30_50_0.9,fcapy,True,,2.133730049536097e-05,1.4252699656935876e-05,300.0,30.0,50.0,1361.0,0.9073333333333332,True
262,3,random_100_30_0.5,concepts,True,153.21142578125,2.239770037704148e-05,1.046390025294386e-05,300.0,100.0,30.0,1562.0,0.5206666666666667,True
263,3,random_100_30_0.5,fcapy,True,,2.112380025209859e-05,2.420629971311428e-05,300.0,100.0,30.0,1562.0,0.5206666666666667,True
264,3,random_100_50_0.5,concepts,True,,2.259370012325235e-05,1.1602300219237804e-05,300.0,100.0,50.0,2462.0,0.4924,True
265,3,random_100_50_0.5,fcapy,True,,1.8233800801681355e-05,1.873869950941297e-05,300.0,100.0,50.0,2462.0,0.4924,True
266,3,random_100_30_0.9,concepts,True,,2.797449997160584e-05,1.849590080382768e-05,300.0,100.0,30.0,2659.0,0.8863333333333333,True
267,3,random_100_30_0.9,fcapy,True,,2.101320023939479e-05,2.8597300115507093e-05,300.0,100.0,30.0,2659.0,0.8863333333333333,True
268,3,bob_ross,concepts,True,54.26444625854492,5.635089837596752e-05,1.3285400200402366e-05,300.0,403.0,67.0,3221.0,0.11929187807858968,False
269,3,bob_ross,fcapy,True,,3.845390165224672e-05,5.565899846260436e-05,300.0,403.0,67.0,3221.0,0.11929187807858968,False
270,3,random_100_50_0.9,concepts,True,,2.497889909136575e-05,1.671209975029342e-05,300.0,100.0,50.0,4514.0,0.9028,True
271,3,random_100_50_0.9,fcapy,True,,2.8883900085929774e-05,3.117999949608929e-05,300.0,100.0,50.0,4514.0,0.9028,True
272,4,random_10_10_0.1,concepts,True,0.0006520000169984996,1.203319970954908e-05,4.111100224690745e-06,300.0,10.0,10.0,9.0,0.09,True
273,4,random_10_10_0.1,fcapy,True,0.0020099999383091927,1.1441099559306167e-05,6.005700015521143e-06,300.0,10.0,10.0,9.0,0.09,True
274,4,animal_movement,concepts,True,0.0007960000075399876,1.240759956999682e-05,3.895399913744768e-06,300.0,16.0,4.0,24.0,0.375,False
275,4,animal_movement,fcapy,True,0.0019369999645277856,1.1875199561472982e-05,7.0651999521942335e-06,300.0,16.0,4.0,24.0,0.375,False
276,4,gewaesser,concepts,True,0.001306000049225986,1.1523099601618014e-05,3.914300123142311e-06,300.0,8.0,6.0,24.0,0.5,False
277,4,gewaesser,fcapy,True,0.0062580001540482036,1.1744799849111587e-05,6.302600013441406e-06,300.0,8.0,6.0,24.0,0.5,False
278,4,liveinwater,concepts,True,0.0009730000165291133,1.1672000255202875e-05,4.282399913790869e-06,300.0,8.0,9.0,34.0,0.4722222222222222,False
279,4,liveinwater,fcapy,True,0.003926000092178583,1.1937099770875648e-05,6.422800197469767e-06,300.0,8.0,9.0,34.0,0.4722222222222222,False
280,4,random_30_10_0.1,concepts,True,0.002982999896630645,1.3925900020694824e-05,4.828400051337667e-06,300.0,30.0,10.0,38.0,0.12666666666666668,True
281,4,random_30_10_0.1,fcapy,True,0.0053880000486969965,1.2646300092455933e-05,8.199100193451159e-06,300.0,30.0,10.0,38.0,0.12666666666666668,True
282,4,random_10_30_0.1,concepts,True,0.0015620000194758177,1.19894002637011e-05,6.524699983856407e-06,300.0,10.0,30.0,39.0,0.13,True
283,4,random_10_30_0.1,fcapy,True,0.005543000064790249,1.1926100341952404e-05,6.6463999246479935e-06,300.0,10.0,30.0,39.0,0.13,True
284,4,digits,concepts,True,0.002761000068858266,1.194159995066002e-05,4.552599875751184e-06,300.0,10.0,7.0,47.0,0.6714285714285714,False
285,4,digits,fcapy,True,0.015627000480890274,1.2418699952831956e-05,7.394799922622043e-06,300.0,10.0,7.0,47.0,0.6714285714285714,False
286,4,random_10_50_0.1,concepts,True,0.0019660000689327717,1.2215999959153125e-05,8.618399988336023e-06,300.0,10.0,50.0,48.0,0.096,True
287,4,random_10_50_0.1,fcapy,True,0.005756999831646681,1.2109099770896135e-05,7.166900104493834e-06,300.0,10.0,50.0,48.0,0.096,True
288,4,random_10_10_0.5,concepts,True,0.002308999886736273,1.1969999832217585e-05,4.543100203591166e-06,300.0,10.0,10.0,51.0,0.51,True
289,4,random_10_10_0.5,fcapy,True,0.01350099965929985,1.218960005644476e-05,6.735199804097648e-06,300.0,10.0,10.0,51.0,0.51,True
290,4,random_30_30_0.1,concepts,True,0.007209999952465295,1.3943100384494754e-05,6.645800112892175e-06,300.0,30.0,30.0,84.0,0.09333333333333334,True
291,4,random_30_30_0.1,fcapy,True,0.0298640001565218,1.3014299838687293e-05,8.595899998908862e-06,300.0,30.0,30.0,84.0,0.09333333333333334,True
292,4,tealady,concepts,True,0.004858999978750944,1.2906500160170253e-05,5.03269984619692e-06,300.0,18.0,14.0,89.0,0.3531746031746032,False
293,4,tealady,fcapy,True,0.027262000367045403,1.2630400306079535e-05,7.2981001721927905e-06,300.0,18.0,14.0,89.0,0.3531746031746032,False
294,4,random_10_10_0.9,concepts,True,0.0008200000156648457,1.261469969904283e-05,5.2371001402207185e-06,300.0,10.0,10.0,90.0,0.9,True
295,4,random_10_10_0.9,fcapy,True,0.0030769999139010906,1.3509799828170799e-05,8.20500008558156e-06,300.0,10.0,10.0,90.0,0.9,True
296,4,lattice,concepts,True,0.0016850000247359276,1.2724200132652186e-05,5.219199920247775e-06,300.0,14.0,16.0,93.0,0.41517857142857145,False
297,4,lattice,fcapy,True,0.006353000178933144,1.2855200111516753e-05,7.709700184932443e-06,300.0,14.0,16.0,93.0,0.41517857142857145,False
298,4,random_100_10_0.1,concepts,True,0.03142200037837028,2.1449799533002082e-05,5.771999894932377e-06,300.0,100.0,10.0,100.0,0.1,True
299,4,random_100_10_0.1,fcapy,True,0.011094000190496443,1.6098700143629685e-05,1.4949399883334992e-05,300.0,100.0,10.0,100.0,0.1,True
300,4,random_10_30_0.5,concepts,True,0.008720999583601952,1.2789700122084469e-05,6.5844001255754856e-06,300.0,10.0,30.0,139.0,0.4633333333333333,True
301,4,random_10_30_0.5,fcapy,True,0.21444100141525269,1.3509699783753605e-05,7.331299912038957e-06,300.0,10.0,30.0,139.0,0.4633333333333333,True
302,4,random_30_10_0.5,concepts,True,0.02614500001072884,1.4095499864197336e-05,5.492800028150668e-06,300.0,30.0,10.0,146.0,0.4866666666666667,True
303,4,random_30_10_0.5,fcapy,True,0.2492460012435913,1.3209800272306893e-05,9.858899829850998e-06,300.0,30.0,10.0,146.0,0.4866666666666667,True
304,4,random_30_50_0.1,concepts,True,0.01497699972242117,1.4328699762700126e-05,8.739199984120205e-06,300.0,30.0,50.0,154.0,0.10266666666666667,True
305,4,random_30_50_0.1,fcapy,True,0.14165300130844116,1.3348399988899471e-05,9.010300345835276e-06,300.0,30.0,50.0,154.0,0.10266666666666667,True
306,4,random_10_50_0.5,concepts,True,0.02267700061202049,1.4129999726719687e-05,9.005299943964928e-06,300.0,10.0,50.0,255.0,0.51,True
307,4,random_10_50_0.5,fcapy,True,2.092592000961304,1.5255200196406806e-05,7.935000212455634e-06,300.0,10.0,50.0,255.0,0.51,True
308,4,random_10_30_0.9,concepts,True,0.008159000426530838,1.473259999329457e-05,7.285299943760037e-06,300.0,10.0,30.0,267.0,0.89,True
309,4,random_10_30_0.9,fcapy,True,0.44615399837493896,1.7011800082400438e-05,9.255400073016062e-06,300.0,10.0,30.0,267.0,0.89,True
310,4,random_30_10_0.9,concepts,True,0.03723600134253502,1.4894900232320651e-05,7.29429984858143e-06,300.0,30.0,10.0,276.0,0.92,True
311,4,random_30_10_0.9,fcapy,True,52.11396408081055,1.5042000086396e-05,1.3734599633608012e-05,300.0,30.0,10.0,276.0,0.92,True
312,4,random_100_30_0.1,concepts,True,0.17071500420570376,2.1832600396010093e-05,7.523799922637409e-06,300.0,100.0,30.0,294.0,0.098,True
313,4,random_100_30_0.1,fcapy,True,0.2703019976615906,1.6438900274806656e-05,1.4992599972174506e-05,300.0,100.0,30.0,294.0,0.098,True
314,4,random_30_30_0.5,concepts,True,0.7682430148124695,1.533599970571231e-05,7.269300112966447e-06,300.0,30.0,30.0,442.0,0.4911111111111111,True
315,4,random_30_30_0.5,fcapy,True,,1.4601900147681588e-05,1.0103400200023318e-05,300.0,30.0,30.0,442.0,0.4911111111111111,True
316,4,random_10_50_0.9,concepts,True,0.13002799451351166,1.7021000530803573e-05,9.32689999899594e-06,300.0,10.0,50.0,455.0,0.91,True
317,4,random_10_50_0.9,fcapy,True,,2.1315399862942293e-05,9.99490021058591e-06,300.0,10.0,50.0,455.0,0.91,True
318,4,random_100_50_0.1,concepts,True,0.3451110124588013,2.1869300326216035e-05,9.527299880573993e-06,300.0,100.0,50.0,481.0,0.0962,True
319,4,random_100_50_0.1,fcapy,True,0.8234969973564148,1.6690899428795092e-05,1.5073799659148792e-05,300.0,100.0,50.0,481.0,0.0962,True
320,4,random_100_10_0.5,concepts,True,0.4780290126800537,2.175369991164189e-05,9.35970001592068e-06,300.0,100.0,10.0,496.0,0.496,True
321,4,random_100_10_0.5,fcapy,True,12.778573036193848,1.6765399777796123e-05,2.05668002308812e-05,300.0,100.0,10.0,496.0,0.496,True
322,4,random_30_50_0.5,concepts,True,3.0046300888061523,1.549670014355797e-05,9.519700142845977e-06,300.0,30.0,50.0,715.0,0.4766666666666667,True
323,4,random_30_50_0.5,fcapy,True,,1.7987000319408253e-05,1.2756399883073755e-05,300.0,30.0,50.0,715.0,0.4766666666666667,True
324,4,random_30_30_0.9,concepts,True,44.73786926269531,1.6441699699498713e-05,8.913400051824283e-06,300.0,30.0,30.0,809.0,0.8988888888888888,True
325,4,random_30_30_0.9,fcapy,True,,1.8016800822806545e-05,1.3582200153905433e-05,300.0,30.0,30.0,809.0,0.8988888888888888,True
326,4,random_100_10_0.9,concepts,True,0.831483006477356,2.262919952045195e-05,1.4443899999605493e-05,300.0,100.0,10.0,894.0,0.894,True
327,4,random_100_10_0.9,fcapy,True,,1.8594899302115664e-05,3.1094201403902844e-05,300.0,100.0,10.0,894.0,0.894,True
328,4,random_30_50_0.9,concepts,True,,1.8436800019117072e-05,1.1148399607918693e-05,300.0,30.0,50.0,1361.0,0.9073333333333332,True
329,4,random_30_50_0.9,fcapy,True,,2.1367999579524608e-05,1.4608100173063575e-05,300.0,30.0,50.0,1361.0,0.9073333333333332,True
330,4,random_100_30_0.5,concepts,True,137.59233093261722,2.244989991595503e-05,9.972900443244724e-06,300.0,100.0,30.0,1562.0,0.5206666666666667,True
331,4,random_100_30_0.5,fcapy,True,,2.1435300368466408e-05,2.4157900043064732e-05,300.0,100.0,30.0,1562.0,0.5206666666666667,True
332,4,random_100_50_0.5,concepts,True,,2.273700010846369e-05,1.164130026154453e-05,300.0,100.0,50.0,2462.0,0.4924,True
333,4,random_100_50_0.5,fcapy,True,,2.2011799956089817e-05,2.305899943166878e-05,300.0,100.0,50.0,2462.0,0.4924,True
334,4,random_100_30_0.9,concepts,True,,2.3769800463924184e-05,1.4736399862158578e-05,300.0,100.0,30.0,2659.0,0.8863333333333333,True
335,4,random_100_30_0.9,fcapy,True,,2.482939999026712e-05,3.603160075726919e-05,300.0,100.0,30.0,2659.0,0.8863333333333333,True
336,4,bob_ross,concepts,True,50.05380249023438,5.756219979957677e-05,1.3078800293442328e-05,300.0,403.0,67.0,3221.0,0.11929187807858968,False
337,4,bob_ross,fcapy,True,,3.227909837733023e-05,4.5012799091637135e-05,300.0,403.0,67.0,3221.0,0.11929187807858968,False
338,4,random_100_50_0.9,concepts,True,,3.029320032510441e-05,2.072630013572052e-05,300.0,100.0,50.0,4514.0,0.9028,True
339,4,random_100_50_0.9,fcapy,True,,2.408480031590443e-05,2.982849946420174e-05,300.0,100.0,50.0,4514.0,0.9028,True
340,5,random_10_10_0.1,concepts,True,0.0007670000195503235,1.4076799743634186e-05,5.085799784865229e-06,300.0,10.0,10.0,9.0,0.09,True
341,5,random_10_10_0.1,fcapy,True,0.0024560000747442245,1.3206499716034159e-05,7.373199878202286e-06,300.0,10.0,10.0,9.0,0.09,True
342,5,animal_movement,concepts,True,0.0009749999735504387,1.4342799659061713e-05,4.814599833480314e-06,300.0,16.0,4.0,24.0,0.375,False
343,5,animal_movement,fcapy,True,0.002325000008568168,1.385549967380939e-05,8.581600013712888e-06,300.0,16.0,4.0,24.0,0.375,False
344,5,gewaesser,concepts,True,0.0015300000086426735,1.3211099940235727e-05,4.8181000238400876e-06,300.0,8.0,6.0,24.0,0.5,False
345,5,gewaesser,fcapy,True,0.007662000134587288,1.344150041404646e-05,7.833499694243072e-06,300.0,8.0,6.0,24.0,0.5,False
346,5,liveinwater,concepts,True,0.0011749999830499296,1.341680035693571e-05,5.243499799689744e-06,300.0,8.0,9.0,34.0,0.4722222222222222,False
347,5,liveinwater,fcapy,True,0.005086999852210282,1.390410034218803e-05,7.931999789434485e-06,300.0,8.0,9.0,34.0,0.4722222222222222,False
348,5,random_30_10_0.1,concepts,True,0.0036100000143051147,1.6248299289145507e-05,5.733299985877237e-06,300.0,30.0,10.0,38.0,0.12666666666666668,True
349,5,random_30_10_0.1,fcapy,True,0.0067150001414120215,1.4702500266139396e-05,9.928799954650458e-06,300.0,30.0,10.0,38.0,0.12666666666666668,True
350,5,random_10_30_0.1,concepts,True,0.0017879999941214921,1.3899700206820853e-05,7.903699952294119e-06,300.0,10.0,30.0,39.0,0.13,True
351,5,random_10_30_0.1,fcapy,True,0.006816999986767769,1.3911700079916047e-05,8.430800335190726e-06,300.0,10.0,30.0,39.0,0.13,True
352,5,digits,concepts,True,0.003263999940827489,1.3942099940322805e-05,5.59799991606269e-06,300.0,10.0,7.0,47.0,0.6714285714285714,False
353,5,digits,fcapy,True,0.020563000813126564,1.4392499906534796e-05,9.172200407192577e-06,300.0,10.0,7.0,47.0,0.6714285714285714,False
354,5,random_10_50_0.1,concepts,True,0.0020590000785887237,1.4172400369716346e-05,1.0663399734767154e-05,300.0,10.0,50.0,48.0,0.096,True
355,5,random_10_50_0.1,fcapy,True,0.007077000103890895,1.4165099855745211e-05,8.924500434659421e-06,300.0,10.0,50.0,48.0,0.096,True
356,5,random_10_10_0.5,concepts,True,0.002763000084087253,1.3949100321042353e-05,5.639099981635809e-06,300.0,10.0,10.0,51.0,0.51,True
357,5,random_10_10_0.5,fcapy,True,0.01808599941432476,1.4225899576558731e-05,8.411499948124401e-06,300.0,10.0,10.0,51.0,0.51,True
358,5,random_30_30_0.1,concepts,True,0.008913000114262104,1.6653200873406604e-05,8.107599569484591e-06,300.0,30.0,30.0,84.0,0.09333333333333334,True
359,5,random_30_30_0.1,fcapy,True,0.11974799633026124,1.5144500139285807e-05,1.0621900401019957e-05,300.0,30.0,30.0,84.0,0.09333333333333334,True
360,5,tealady,concepts,True,0.005967000033706428,1.4975999874877743e-05,6.223299806151772e-06,300.0,18.0,14.0,89.0,0.3531746031746032,False
361,5,tealady,fcapy,True,0.1160610020160675,1.4805699720454868e-05,8.89429975359235e-06,300.0,18.0,14.0,89.0,0.3531746031746032,False
362,5,random_10_10_0.9,concepts,True,0.00101500004529953,1.4593500054616015e-05,6.481699983851288e-06,300.0,10.0,10.0,90.0,0.9,True
363,5,random_10_10_0.9,fcapy,True,0.003725999966263771,1.584980054758489e-05,1.0314300197933337e-05,300.0,10.0,10.0,90.0,0.9,True
364,5,lattice,concepts,True,0.002094999887049198,1.4844699762761593e-05,6.464500074798708e-06,300.0,14.0,16.0,93.0,0.41517857142857145,False
365,5,lattice,fcapy,True,0.009472999721765518,1.4973999896028546e-05,9.317799595010001e-06,300.0,14.0,16.0,93.0,0.41517857142857145,False
366,5,random_100_10_0.1,concepts,True,0.038368001580238335,2.555940045567695e-05,6.919899988133693e-06,300.0,100.0,10.0,100.0,0.1,True
367,5,random_100_10_0.1,fcapy,True,0.0969809964299202,1.9214399799238887e-05,1.8096099665854126e-05,300.0,100.0,10.0,100.0,0.1,True
368,5,random_10_30_0.5,concepts,True,0.09295599907636642,1.4958300198486539e-05,8.219500159611925e-06,300.0,10.0,30.0,139.0,0.4633333333333333,True
369,5,random_10_30_0.5,fcapy,True,0.2568260133266449,1.5602799976477406e-05,9.006799700728152e-06,300.0,10.0,30.0,139.0,0.4633333333333333,True
370,5,random_30_10_0.5,concepts,True,0.11408299952745438,1.6358300854335542e-05,6.8879999162163585e-06,300.0,30.0,10.0,146.0,0.4866666666666667,True
371,5,random_30_10_0.5,fcapy,True,0.29849499464035034,1.530759982415475e-05,1.2055599654559046e-05,300.0,30.0,10.0,146.0,0.4866666666666667,True
372,5,random_30_50_0.1,concepts,True,0.10062900185585022,1.690520002739504e-05,1.083389997802442e-05,300.0,30.0,50.0,154.0,0.10266666666666667,True
373,5,random_30_50_0.1,fcapy,True,0.1649319976568222,1.540280027256813e-05,1.115949999075383e-05,300.0,30.0,50.0,154.0,0.10266666666666667,True
374,5,random_10_50_0.5,concepts,True,0.110555998980999,1.636039996810723e-05,1.0915699931501877e-05,300.0,10.0,50.0,255.0,0.51,True
375,5,random_10_50_0.5,fcapy,True,2.5533230304718018,1.8056700355373323e-05,9.605199920770247e-06,300.0,10.0,50.0,255.0,0.51,True
376,5,random_10_30_0.9,concepts,True,0.09209100157022476,1.7021800886141136e-05,8.911099939723499e-06,300.0,10.0,30.0,267.0,0.89,True
377,5,random_10_30_0.9,fcapy,True,0.5745850205421448,2.018300074269064e-05,1.124970003729686e-05,300.0,10.0,30.0,267.0,0.89,True
378,5,random_30_10_0.9,concepts,True,0.12875600159168246,1.726240043353755e-05,9.173700163955804e-06,300.0,30.0,10.0,276.0,0.92,True
379,5,random_30_10_0.9,fcapy,True,52.231689453125,1.7751499399309978e-05,1.7209200450452045e-05,300.0,30.0,10.0,276.0,0.92,True
380,5,random_100_30_0.1,concepts,True,0.2469850033521652,2.1779600501758968e-05,7.778599865559953e-06,300.0,100.0,30.0,294.0,0.098,True
381,5,random_100_30_0.1,fcapy,True,0.2671380043029785,1.6682699424563907e-05,1.5117900147743054e-05,300.0,100.0,30.0,294.0,0.098,True
382,5,random_30_30_0.5,concepts,True,0.7669839859008789,1.4824099707766434e-05,7.353500222961882e-06,300.0,30.0,30.0,442.0,0.4911111111111111,True
383,5,random_30_30_0.5,fcapy,True,,1.4389600437425546e-05,9.987299563363194e-06,300.0,30.0,30.0,442.0,0.4911111111111111,True
384,5,random_10_50_0.9,concepts,True,0.13040399551391602,1.7265099813812412e-05,9.45979991229251e-06,300.0,10.0,50.0,455.0,0.91,True
385,5,random_10_50_0.9,fcapy,True,,1.3964199752081186e-05,9.922900062520057e-06,300.0,10.0,50.0,455.0,0.91,True
386,5,random_100_50_0.1,concepts,True,0.3459759950637817,1.4608300261897965e-05,9.772100383997897e-06,300.0,100.0,50.0,481.0,0.0962,True
387,5,random_100_50_0.1,fcapy,True,0.7501299977302551,9.380800293001812e-06,1.4838699826213995e-05,300.0,100.0,50.0,481.0,0.0962,True
388,5,random_100_10_0.5,concepts,True,0.4781869947910309,1.4624900359194724e-05,9.425200005352963e-06,300.0,100.0,10.0,496.0,0.496,True
389,5,random_100_10_0.5,fcapy,True,14.238731384277346,9.520999810774807e-06,2.0492800103966147e-05,300.0,100.0,10.0,496.0,0.496,True
390,5,random_30_50_0.5,concepts,True,3.2313690185546875,1.0153299626836088e-05,1.1820399777207058e-05,300.0,30.0,50.0,715.0,0.4766666666666667,True
391,5,random_30_50_0.5,fcapy,True,,1.0082399967359379e-05,1.2799800060747655e-05,300.0,30.0,50.0,715.0,0.4766666666666667,True
392,5,random_30_30_0.9,concepts,True,44.4957389831543,9.222500011674127e-06,9.211699762090577e-06,300.0,30.0,30.0,809.0,0.8988888888888888,True
393,5,random_30_30_0.9,fcapy,True,,1.0747299711511003e-05,1.3827099792251827e-05,300.0,30.0,30.0,809.0,0.8988888888888888,True
394,5,random_100_10_0.9,concepts,True,0.760657012462616,1.544920087326318e-05,1.4631799786002372e-05,300.0,100.0,10.0,894.0,0.894,True
395,5,random_100_10_0.9,fcapy,True,,1.1319800250930713e-05,3.0883998988429084e-05,300.0,100.0,10.0,894.0,0.894,True
396,5,random_30_50_0.9,concepts,True,,1.1353399713698307e-05,1.1394099601602647e-05,300.0,30.0,50.0,1361.0,0.9073333333333332,True
397,5,random_30_50_0.9,fcapy,True,,1.4228599866328295e-05,1.4275399735197425e-05,300.0,30.0,50.0,1361.0,0.9073333333333332,True
398,5,random_100_30_0.5,concepts,True,123.97523498535156,1.5328199879149906e-05,1.0315299732610583e-05,300.0,100.0,30.0,1562.0,0.5206666666666667,True
399,5,random_100_30_0.5,fcapy,True,,1.040680035657715e-05,1.939469984790776e-05,300.0,100.0,30.0,1562.0,0.5206666666666667,True
400,5,random_100_50_0.5,concepts,True,,1.5652100046281706e-05,1.1753800208680333e-05,300.0,100.0,50.0,2462.0,0.4924,True
401,5,random_100_50_0.5,fcapy,True,,1.3744400348514318e-05,2.3116999727790244e-05,300.0,100.0,50.0,2462.0,0.4924,True
402,5,random_100_30_0.9,concepts,True,,1.6221500118263066e-05,1.4850999832560776e-05,300.0,100.0,30.0,2659.0,0.8863333333333333,True
403,5,random_100_30_0.9,fcapy,True,,1.4056599866307806e-05,2.8493699574028142e-05,300.0,100.0,30.0,2659.0,0.8863333333333333,True
404,5,bob_ross,concepts,True,61.96271896362305,6.237629713723436e-05,1.6513700757059272e-05,300.0,403.0,67.0,3221.0,0.11929187807858968,False
405,5,bob_ross,fcapy,True,,3.134319922537543e-05,5.516560122487135e-05,300.0,403.0,67.0,3221.0,0.11929187807858968,False
406,5,random_100_50_0.9,concepts,True,,2.230669997516088e-05,2.0946599761373363e-05,300.0,100.0,50.0,4514.0,0.9028,True
407,5,random_100_50_0.9,fcapy,True,,1.685999995970633e-05,2.89111994788982e-05,300.0,100.0,50.0,4514.0,0.9028,True
408,6,random_10_10_0.1,concepts,True,0.0006469999789260327,4.557000011118362e-06,4.469599844014739e-06,300.0,10.0,10.0,9.0,0.09,True
409,6,random_10_10_0.1,fcapy,True,0.00203000009059906,4.068599992024247e-06,5.927699930907693e-06,300.0,10.0,10.0,9.0,0.09,True
410,6,animal_movement,concepts,True,0.0008079999824985862,5.16359978064429e-06,3.922700216207886e-06,300.0,16.0,4.0,24.0,0.375,False
411,6,animal_movement,fcapy,True,0.0019389999797567727,4.742999863083242e-06,6.973600193305174e-06,300.0,16.0,4.0,24.0,0.375,False
412,6,gewaesser,concepts,True,0.0012919999426230786,4.376100150693674e-06,3.933099833375309e-06,300.0,8.0,6.0,24.0,0.5,False
413,6,gewaesser,fcapy,True,0.0061610001139342785,4.451499989954755e-06,6.248600129765691e-06,300.0,8.0,6.0,24.0,0.5,False
414,6,liveinwater,concepts,True,0.0011640000157058241,4.395700216264231e-06,4.434200036484982e-06,300.0,8.0,9.0,34.0,0.4722222222222222,False
415,6,liveinwater,fcapy,True,0.0038580000400543213,4.701199941337109e-06,6.3193001551553615e-06,300.0,8.0,9.0,34.0,0.4722222222222222,False
416,6,random_30_10_0.1,concepts,True,0.00291600008495152,6.7289001890458175e-06,4.6284999370982405e-06,300.0,30.0,10.0,38.0,0.12666666666666668,True
417,6,random_30_10_0.1,fcapy,True,0.005117999855428934,5.448399861052167e-06,8.27349958854029e-06,300.0,30.0,10.0,38.0,0.12666666666666668,True
418,6,random_10_30_0.1,concepts,True,0.0014359999913722275,4.819899913854896e-06,6.609000138269038e-06,300.0,10.0,30.0,39.0,0.13,True
419,6,random_10_30_0.1,fcapy,True,0.0052120001055300244,4.941899987898069e-06,6.680899787170348e-06,300.0,10.0,30.0,39.0,0.13,True
420,6,digits,concepts,True,0.0023709998931735754,4.971900125383401e-06,4.6670998017361845e-06,300.0,10.0,7.0,47.0,0.6714285714285714,False
421,6,digits,fcapy,True,0.015544000081717968,5.231299837760162e-06,7.275700227182823e-06,300.0,10.0,7.0,47.0,0.6714285714285714,False
422,6,random_10_50_0.1,concepts,True,0.0016880000475794075,5.157499799679499e-06,9.058900104719214e-06,300.0,10.0,50.0,48.0,0.096,True
423,6,random_10_50_0.1,fcapy,True,0.0059679998084902755,4.950500169798033e-06,7.153899787226692e-06,300.0,10.0,50.0,48.0,0.096,True
424,6,random_10_10_0.5,concepts,True,0.002521000104025007,4.8481001613254185e-06,4.709199856733903e-06,300.0,10.0,10.0,51.0,0.51,True
425,6,random_10_10_0.5,fcapy,True,0.013356000185012816,4.997799806005787e-06,6.734800081176218e-06,300.0,10.0,10.0,51.0,0.51,True
426,6,random_30_30_0.1,concepts,True,0.0071890000253915795,6.825299806223484e-06,6.679999842162944e-06,300.0,30.0,30.0,84.0,0.09333333333333334,True
427,6,random_30_30_0.1,fcapy,True,0.029986999928951263,5.6703001973801276e-06,8.477099981973879e-06,300.0,30.0,30.0,84.0,0.09333333333333334,True
428,6,tealady,concepts,True,0.004883000161498785,5.629699899145635e-06,5.036300080973889e-06,300.0,18.0,14.0,89.0,0.3531746031746032,False
429,6,tealady,fcapy,True,0.02804999984800816,5.409699951997027e-06,7.241999810503329e-06,300.0,18.0,14.0,89.0,0.3531746031746032,False
430,6,random_10_10_0.9,concepts,True,0.0008580000139772893,5.348299964680336e-06,5.322299784893403e-06,300.0,10.0,10.0,90.0,0.9,True
431,6,random_10_10_0.9,fcapy,True,0.003025999991223216,6.386000222846632e-06,8.103000254777727e-06,300.0,10.0,10.0,90.0,0.9,True
432,6,lattice,concepts,True,0.0017399999778717756,5.574100214289501e-06,5.38220001544687e-06,300.0,14.0,16.0,93.0,0.41517857142857145,False
433,6,lattice,fcapy,True,0.006333000026643276,5.6079002206388395e-06,7.789500159560703e-06,300.0,14.0,16.0,93.0,0.41517857142857145,False
434,6,random_100_10_0.1,concepts,True,0.03090699948370457,1.3993500033393502e-05,5.600099939329084e-06,300.0,100.0,10.0,100.0,0.1,True
435,6,random_100_10_0.1,fcapy,True,0.011330000124871727,8.904499736672733e-06,1.4471899703494271e-05,300.0,100.0,10.0,100.0,0.1,True
436,6,random_10_30_0.5,concepts,True,0.008802000433206558,5.817500095872674e-06,6.83090001984965e-06,300.0,10.0,30.0,139.0,0.4633333333333333,True
437,6,random_10_30_0.5,fcapy,True,0.14303499460220334,6.29599981039064e-06,7.21159995009657e-06,300.0,10.0,30.0,139.0,0.4633333333333333,True
438,6,random_30_10_0.5,concepts,True,0.025960000231862068,6.9808002081117584e-06,5.639400114887394e-06,300.0,30.0,10.0,146.0,0.4866666666666667,True
439,6,random_30_10_0.5,fcapy,True,0.17707400023937225,6.0143001974211074e-06,9.81050015980145e-06,300.0,30.0,10.0,146.0,0.4866666666666667,True
440,6,random_30_50_0.1,concepts,True,0.015092999674379826,7.215100140456343e-06,9.017399861477317e-06,300.0,30.0,50.0,154.0,0.10266666666666667,True
441,6,random_30_50_0.1,fcapy,True,0.06938900053501129,6.013699930917937e-06,8.965699635155032e-06,300.0,30.0,50.0,154.0,0.10266666666666667,True
442,6,random_10_50_0.5,concepts,True,0.022842999547719955,6.897399998706533e-06,9.105900062422734e-06,300.0,10.0,50.0,255.0,0.51,True
443,6,random_10_50_0.5,fcapy,True,2.3508470058441158,7.988300239958335e-06,7.693900442973245e-06,300.0,10.0,50.0,255.0,0.51,True
444,6,random_10_30_0.9,concepts,True,0.00997500028461218,9.218600098392926e-06,9.166699783236254e-06,300.0,10.0,30.0,267.0,0.89,True
445,6,random_10_30_0.9,fcapy,True,0.4755220115184784,1.2120999599574135e-05,1.1464499948488084e-05,300.0,10.0,30.0,267.0,0.89,True
446,6,random_30_10_0.9,concepts,True,0.04635800048708917,9.397500434715766e-06,9.326799954578746e-06,300.0,30.0,10.0,276.0,0.92,True
447,6,random_30_10_0.9,fcapy,True,64.91449737548828,9.658599992690142e-06,1.6890800907276567e-05,300.0,30.0,10.0,276.0,0.92,True
448,6,random_100_30_0.1,concepts,True,0.2117210030555725,1.788259942259174e-05,9.592999958840663e-06,300.0,100.0,30.0,294.0,0.098,True
449,6,random_100_30_0.1,fcapy,True,0.2407930046319961,1.1453200386313256e-05,1.836209958128165e-05,300.0,100.0,30.0,294.0,0.098,True
450,6,random_30_30_0.5,concepts,True,0.8625590205192566,9.82999972620746e-06,9.355399924970698e-06,300.0,30.0,30.0,442.0,0.4911111111111111,True
451,6,random_30_30_0.5,fcapy,True,,8.896799954527522e-06,1.238549975823844e-05,300.0,30.0,30.0,442.0,0.4911111111111111,True
452,6,random_10_50_0.9,concepts,True,0.07040899991989136,1.2314900232013315e-05,1.1996399734925944e-05,300.0,10.0,50.0,455.0,0.91,True
453,6,random_10_50_0.9,fcapy,True,,1.6911999409785494e-05,1.2288000107218974e-05,300.0,10.0,50.0,455.0,0.91,True
454,6,random_100_50_0.1,concepts,True,0.34416601061820984,1.4786700376134833e-05,9.64090031629894e-06,300.0,100.0,50.0,481.0,0.0962,True
455,6,random_100_50_0.1,fcapy,True,0.7691850066184998,9.58720011112746e-06,1.4683399967907462e-05,300.0,100.0,50.0,481.0,0.0962,True
456,6,random_100_10_0.5,concepts,True,0.5895869731903076,1.807549961085897e-05,1.1605899999267422e-05,300.0,100.0,10.0,496.0,0.496,True
457,6,random_100_10_0.5,fcapy,True,15.652705192565918,1.1952000022574795e-05,2.504579970263876e-05,300.0,100.0,10.0,496.0,0.496,True
458,6,random_30_50_0.5,concepts,True,3.22608494758606,1.0623100024531597e-05,1.2054900253133384e-05,300.0,30.0,50.0,715.0,0.4766666666666667,True
459,6,random_30_50_0.5,fcapy,True,,9.964000128093176e-06,1.2797800081898455e-05,300.0,30.0,50.0,715.0,0.4766666666666667,True
460,6,random_30_30_0.9,concepts,True,54.75844955444336,1.1828899914689828e-05,1.1441199603723362e-05,300.0,30.0,30.0,809.0,0.8988888888888888,True
461,6,random_30_30_0.9,fcapy,True,,1.3605300409835765e-05,1.6869700630195442e-05,300.0,30.0,30.0,809.0,0.8988888888888888,True
462,6,random_100_10_0.9,concepts,True,0.7627459764480591,1.5462899682461284e-05,1.4425099834625147e-05,300.0,100.0,10.0,894.0,0.894,True
463,6,random_100_10_0.9,fcapy,True,,1.1462299880804496e-05,3.084109994233586e-05,300.0,100.0,10.0,894.0,0.894,True
464,6,random_30_50_0.9,concepts,True,,1.1463799637567718e-05,1.1415800145186953e-05,300.0,30.0,50.0,1361.0,0.9073333333333332,True
465,6,random_30_50_0.9,fcapy,True,,1.4404799912881573e-05,1.4210099834599536e-05,300.0,30.0,50.0,1361.0,0.9073333333333332,True
466,6,random_100_30_0.5,concepts,True,152.51695251464844,1.912480001919903e-05,1.2633299775188787e-05,300.0,100.0,30.0,1562.0,0.5206666666666667,True
467,6,random_100_30_0.5,fcapy,True,,1.2829300430894365e-05,2.3854599930928092e-05,300.0,100.0,30.0,1562.0,0.5206666666666667,True
468,6,random_100_50_0.5,concepts,True,,1.5524699847446755e-05,1.17859999591019e-05,300.0,100.0,50.0,2462.0,0.4924,True
469,6,random_100_50_0.5,fcapy,True,,1.1343099686200727e-05,1.8533699403633364e-05,300.0,100.0,50.0,2462.0,0.4924,True
470,6,random_100_30_0.9,concepts,True,,2.030649920925498e-05,1.847219937189948e-05,300.0,100.0,30.0,2659.0,0.8863333333333333,True
471,6,random_100_30_0.9,fcapy,True,,1.7180700524477288e-05,3.4914999559987336e-05,300.0,100.0,30.0,2659.0,0.8863333333333333,True
472,6,bob_ross,concepts,True,62.02320098876953,6.173940346343444e-05,1.6508700355188918e-05,300.0,403.0,67.0,3221.0,0.11929187807858968,False
473,6,bob_ross,fcapy,True,,3.027479942829813e-05,5.472069824463688e-05,300.0,403.0,67.0,3221.0,0.11929187807858968,False
474,6,random_100_50_0.9,concepts,True,,2.283899993926753e-05,2.118260090355761e-05,300.0,100.0,50.0,4514.0,0.9028,True
475,6,random_100_50_0.9,fcapy,True,,1.7146599930129017e-05,2.915080040111207e-05,300.0,100.0,50.0,4514.0,0.9028,True
476,7,random_10_10_0.1,concepts,True,0.0006370000191964209,4.467300186661305e-06,4.3574000301305205e-06,300.0,10.0,10.0,9.0,0.09,True
477,7,random_10_10_0.1,fcapy,True,0.002013999968767166,4.0742997953202575e-06,5.9173999034101135e-06,300.0,10.0,10.0,9.0,0.09,True
478,7,animal_movement,concepts,True,0.0007970000151544807,5.207300091569778e-06,4.029800038551912e-06,300.0,16.0,4.0,24.0,0.375,False
479,7,animal_movement,fcapy,True,0.0019109999993816016,4.8183001126744784e-06,6.962000043131412e-06,300.0,16.0,4.0,24.0,0.375,False
480,7,gewaesser,concepts,True,0.0012619999470189216,4.381000053399475e-06,3.912000011041529e-06,300.0,8.0,6.0,24.0,0.5,False
481,7,gewaesser,fcapy,True,0.006196999922394753,4.520400125329616e-06,6.29599981039064e-06,300.0,8.0,6.0,24.0,0.5,False
482,7,liveinwater,concepts,True,0.0009459999855607748,4.276700110494858e-06,4.274399998394073e-06,300.0,8.0,9.0,34.0,0.4722222222222222,False
483,7,liveinwater,fcapy,True,0.004176999907940626,4.7784001253603475e-06,6.378700163622852e-06,300.0,8.0,9.0,34.0,0.4722222222222222,False
484,7,random_30_10_0.1,concepts,True,0.002896999940276146,6.4780001594044725e-06,4.593100129568484e-06,300.0,30.0,10.0,38.0,0.12666666666666668,True
485,7,random_30_10_0.1,fcapy,True,0.005295000039041042,5.399900146585424e-06,8.019300366868265e-06,300.0,30.0,10.0,38.0,0.12666666666666668,True
486,7,random_10_30_0.1,concepts,True,0.0014400000218302011,4.700999852502719e-06,6.5471999732835676e-06,300.0,10.0,30.0,39.0,0.13,True
487,7,random_10_30_0.1,fcapy,True,0.0055610002018511295,4.642699877877021e-06,6.7218998083262704e-06,300.0,10.0,30.0,39.0,0.13,True
488,7,digits,concepts,True,0.002620999934151769,4.755600002681604e-06,4.55149984190939e-06,300.0,10.0,7.0,47.0,0.6714285714285714,False
489,7,digits,fcapy,True,0.015255999751389028,5.2650998441095e-06,7.312400157388765e-06,300.0,10.0,7.0,47.0,0.6714285714285714,False
490,7,random_10_50_0.1,concepts,True,0.0016870000399649145,4.973499926563818e-06,8.763699952396564e-06,300.0,10.0,50.0,48.0,0.096,True
491,7,random_10_50_0.1,fcapy,True,0.005733000114560127,4.8966999202093575e-06,7.123100203898503e-06,300.0,10.0,50.0,48.0,0.096,True
492,7,random_10_10_0.5,concepts,True,0.002309999894350767,4.839600023842649e-06,4.630299827113047e-06,300.0,10.0,10.0,51.0,0.51,True
493,7,random_10_10_0.5,fcapy,True,0.013333999551832676,5.1921001613663975e-06,6.813800155214268e-06,300.0,10.0,10.0,51.0,0.51,True
494,7,random_30_30_0.1,concepts,True,0.007184000220149756,6.9122997956583285e-06,6.922599823155909e-06,300.0,30.0,30.0,84.0,0.09333333333333334,True
495,7,random_30_30_0.1,fcapy,True,0.029890000820159912,5.552699803956784e-06,8.551500286557712e-06,300.0,30.0,30.0,84.0,0.09333333333333334,True
496,7,tealady,concepts,True,0.004875000100582838,5.600099939329084e-06,5.0650000957830335e-06,300.0,18.0,14.0,89.0,0.3531746031746032,False
497,7,tealady,fcapy,True,0.027936000376939774,5.291599791235058e-06,7.317600193346153e-06,300.0,18.0,14.0,89.0,0.3531746031746032,False
498,7,random_10_10_0.9,concepts,True,0.0008140000281855464,5.320100171957165e-06,5.300899829308037e-06,300.0,10.0,10.0,90.0,0.9,True
499,7,random_10_10_0.9,fcapy,True,0.003024999983608723,6.329099960566964e-06,8.11869995231973e-06,300.0,10.0,10.0,90.0,0.9,True
500,7,lattice,concepts,True,0.0017249999800696973,5.633300133922603e-06,5.326599875843385e-06,300.0,14.0,16.0,93.0,0.41517857142857145,False
501,7,lattice,fcapy,True,0.006320999935269357,5.569900167756714e-06,7.542700132034952e-06,300.0,14.0,16.0,93.0,0.41517857142857145,False
502,7,random_100_10_0.1,concepts,True,0.03088900074362755,1.4469899724645074e-05,5.677500212186715e-06,300.0,100.0,10.0,100.0,0.1,True
503,7,random_100_10_0.1,fcapy,True,0.011378999799489977,8.932400305639021e-06,1.4509700122289358e-05,300.0,100.0,10.0,100.0,0.1,True
504,7,random_10_30_0.5,concepts,True,0.008810999803245071,5.654900178342356e-06,6.662699888693169e-06,300.0,10.0,30.0,139.0,0.4633333333333333,True
505,7,random_10_30_0.5,fcapy,True,0.14315199851989746,6.190400199557188e-06,7.205600013548973e-06,300.0,10.0,30.0,139.0,0.4633333333333333,True
506,7,random_30_10_0.5,concepts,True,0.025932999327778816,7.118299890862544e-06,5.69909980185912e-06,300.0,30.0,10.0,146.0,0.4866666666666667,True
507,7,random_30_10_0.5,fcapy,True,0.176596000790596,5.932499789196299e-06,9.742299880599603e-06,300.0,30.0,10.0,146.0,0.4866666666666667,True
508,7,random_30_50_0.1,concepts,True,0.015110000036656857,7.2640000325918655e-06,9.04219996300526e-06,300.0,30.0,50.0,154.0,0.10266666666666667,True
509,7,random_30_50_0.1,fcapy,True,0.06819900125265121,6.052800017641857e-06,8.94719960342627e-06,300.0,30.0,50.0,154.0,0.10266666666666667,True
510,7,random_10_50_0.5,concepts,True,0.022686000913381577,6.911000127729494e-06,9.05960041563958e-06,300.0,10.0,50.0,255.0,0.51,True
511,7,random_10_50_0.5,fcapy,True,1.9939090013504028,7.976499546202831e-06,7.75359967519762e-06,300.0,10.0,50.0,255.0,0.51,True
512,7,random_10_30_0.9,concepts,True,0.00817999988794327,7.566499789390947e-06,7.537799774581799e-06,300.0,10.0,30.0,267.0,0.89,True
513,7,random_10_30_0.9,fcapy,True,0.38212400674819946,9.814099939831067e-06,9.145699550572315e-06,300.0,10.0,30.0,267.0,0.89,True
514,7,random_30_10_0.9,concepts,True,0.03757400065660477,7.618400104547618e-06,7.531300070695578e-06,300.0,30.0,10.0,276.0,0.92,True
515,7,random_30_10_0.9,fcapy,True,52.03375244140625,7.95639971329365e-06,1.3773899809166323e-05,300.0,30.0,10.0,276.0,0.92,True
516,7,random_100_30_0.1,concepts,True,0.17127099633216858,1.4611199731007215e-05,7.61479986977065e-06,300.0,100.0,30.0,294.0,0.098,True
517,7,random_100_30_0.1,fcapy,True,0.1956440061330796,9.26749999052845e-06,1.4649200238636695e-05,300.0,100.0,30.0,294.0,0.098,True
518,7,random_30_30_0.5,concepts,True,0.699416995048523,7.762199857097585e-06,7.48510001358227e-06,300.0,30.0,30.0,442.0,0.4911111111111111,True
519,7,random_30_30_0.5,fcapy,True,,7.449300028383733e-06,9.947199941962028e-06,300.0,30.0,30.0,442.0,0.4911111111111111,True
520,7,random_10_50_0.9,concepts,True,0.05596400052309036,9.897799827740528e-06,9.81900029728422e-06,300.0,10.0,50.0,455.0,0.91,True
521,7,random_10_50_0.9,fcapy,True,,1.363400042464491e-05,9.797399798117112e-06,300.0,10.0,50.0,455.0,0.91,True
522,7,random_100_50_0.1,concepts,True,0.3439050018787384,1.4642299902334344e-05,9.653799679654185e-06,300.0,100.0,50.0,481.0,0.0962,True
523,7,random_100_50_0.1,fcapy,True,0.7480570077896118,9.216299986292142e-06,1.4658499821962326e-05,300.0,100.0,50.0,481.0,0.0962,True
524,7,random_100_10_0.5,concepts,True,0.4750219881534576,1.4584599739464466e-05,9.358899660583122e-06,300.0,100.0,10.0,496.0,0.496,True
525,7,random_100_10_0.5,fcapy,True,12.589510917663574,9.604300430510193e-06,2.024219975282904e-05,300.0,100.0,10.0,496.0,0.496,True
526,7,random_30_50_0.5,concepts,True,2.613537073135376,8.513299690093845e-06,9.76960018306272e-06,300.0,30.0,50.0,715.0,0.4766666666666667,True
527,7,random_30_50_0.5,fcapy,True,,8.054599675233476e-06,1.0178499906032812e-05,300.0,30.0,50.0,715.0,0.4766666666666667,True
528,7,random_30_30_0.9,concepts,True,44.62543869018555,9.440200301469304e-06,9.194000085699374e-06,300.0,30.0,30.0,809.0,0.8988888888888888,True
529,7,random_30_30_0.9,fcapy,True,,1.0782099707284942e-05,1.3698800103156827e-05,300.0,30.0,30.0,809.0,0.8988888888888888,True
530,7,random_100_10_0.9,concepts,True,0.7593420147895813,1.5347099179052748e-05,1.4584899872716046e-05,300.0,100.0,10.0,894.0,0.894,True
531,7,random_100_10_0.9,fcapy,True,,1.143020017480012e-05,3.115969957434572e-05,300.0,100.0,10.0,894.0,0.894,True
532,7,random_30_50_0.9,concepts,True,,1.1429099686210975e-05,1.1335599992889913e-05,300.0,30.0,50.0,1361.0,0.9073333333333332,True
533,7,random_30_50_0.9,fcapy,True,,1.7855700207292102e-05,1.7500100511824712e-05,300.0,30.0,50.0,1361.0,0.9073333333333332,True
534,7,random_100_30_0.5,concepts,True,152.38829040527344,1.891959982458502e-05,1.2837999747716825e-05,300.0,100.0,30.0,1562.0,0.5206666666666667,True
535,7,random_100_30_0.5,fcapy,True,,1.304099987464724e-05,2.389159999438561e-05,300.0,100.0,30.0,1562.0,0.5206666666666667,True
536,7,random_100_50_0.5,concepts,True,,1.5566100046271458e-05,1.1781099601648748e-05,300.0,100.0,50.0,2462.0,0.4924,True
537,7,random_100_50_0.5,fcapy,True,,1.3730699720326813e-05,2.294350088050124e-05,300.0,100.0,50.0,2462.0,0.4924,True
538,7,random_100_30_0.9,concepts,True,,2.0338400645414367e-05,1.8620599803398363e-05,300.0,100.0,30.0,2659.0,0.8863333333333333,True
539,7,random_100_30_0.9,fcapy,True,,1.7082600606954653e-05,3.5506698623066775e-05,300.0,100.0,30.0,2659.0,0.8863333333333333,True
540,7,bob_ross,concepts,True,60.195213317871094,6.145000224933028e-05,1.6417199731222354e-05,300.0,403.0,67.0,3221.0,0.11929187807858968,False
541,7,bob_ross,fcapy,True,,2.463989949319512e-05,4.459160118130967e-05,300.0,403.0,67.0,3221.0,0.11929187807858968,False
542,7,random_100_50_0.9,concepts,True,,1.9696699382620864e-05,1.716450060484931e-05,300.0,100.0,50.0,4514.0,0.9028,True
543,7,random_100_50_0.9,fcapy,True,,1.7049900634447113e-05,2.869409945560619e-05,300.0,100.0,50.0,4514.0,0.9028,True
544,8,random_10_10_0.1,concepts,True,0.0007619999814778566,6.3446000240219274e-06,5.297799816617044e-06,300.0,10.0,10.0,9.0,0.09,True
545,8,random_10_10_0.1,fcapy,True,0.002457000082358718,5.35709978066734e-06,7.3463002081552995e-06,300.0,10.0,10.0,9.0,0.09,True
546,8,animal_movement,concepts,True,0.0009980000322684646,6.760600172128761e-06,4.864799848292024e-06,300.0,16.0,4.0,24.0,0.375,False
547,8,animal_movement,fcapy,True,0.002343999920412898,6.51480013402761e-06,8.528299986210186e-06,300.0,16.0,4.0,24.0,0.375,False
548,8,gewaesser,concepts,True,0.0015770000172778964,5.413599865278229e-06,4.958600129612023e-06,300.0,8.0,6.0,24.0,0.5,False
549,8,gewaesser,fcapy,True,0.007697000168263912,6.356699941534316e-06,7.718999768258072e-06,300.0,8.0,6.0,24.0,0.5,False
550,8,liveinwater,concepts,True,0.0011830000439658759,5.770700227003545e-06,5.3028998081572345e-06,300.0,8.0,9.0,34.0,0.4722222222222222,False
551,8,liveinwater,fcapy,True,0.005057999864220618,6.1649998315260746e-06,7.891399945947342e-06,300.0,8.0,9.0,34.0,0.4722222222222222,False
552,8,random_30_10_0.1,concepts,True,0.003597999922931195,8.658899787405971e-06,5.693700131814692e-06,300.0,30.0,10.0,38.0,0.12666666666666668,True
553,8,random_30_10_0.1,fcapy,True,0.006541999988257885,6.984399988141376e-06,9.933800356520807e-06,300.0,30.0,10.0,38.0,0.12666666666666668,True
554,8,random_10_30_0.1,concepts,True,0.0018050000071525574,6.758099971193587e-06,8.08729964774102e-06,300.0,10.0,30.0,39.0,0.13,True
555,8,random_10_30_0.1,fcapy,True,0.006864999886602163,6.07899983151583e-06,8.231500032707117e-06,300.0,10.0,30.0,39.0,0.13,True
556,8,digits,concepts,True,0.00330400001257658,6.270100129768252e-06,5.637999947794015e-06,300.0,10.0,7.0,47.0,0.6714285714285714,False
557,8,digits,fcapy,True,0.01946200057864189,6.684500021947315e-06,9.00410032045329e-06,300.0,10.0,7.0,47.0,0.6714285714285714,False
558,8,random_10_50_0.1,concepts,True,0.0020649998914450407,7.0416999733424746e-06,1.0876199667109177e-05,300.0,10.0,50.0,48.0,0.096,True
559,8,random_10_50_0.1,fcapy,True,0.007073999848216772,6.395499895006651e-06,8.80900006450247e-06,300.0,10.0,50.0,48.0,0.096,True
560,8,random_10_10_0.5,concepts,True,0.002836999949067831,6.1719001678284275e-06,5.753499863203615e-06,300.0,10.0,10.0,51.0,0.51,True
561,8,random_10_10_0.5,fcapy,True,0.0165570005774498,6.528100129798986e-06,8.49230036692461e-06,300.0,10.0,10.0,51.0,0.51,True
562,8,random_30_30_0.1,concepts,True,0.008941000327467918,8.843399882607628e-06,8.261199582193512e-06,300.0,30.0,30.0,84.0,0.09333333333333334,True
563,8,random_30_30_0.1,fcapy,True,0.03740299865603447,7.609499789396068e-06,1.0470200322743041e-05,300.0,30.0,30.0,84.0,0.09333333333333334,True
564,8,tealady,concepts,True,0.006012999918311834,7.788699804223143e-06,6.262800070544473e-06,300.0,18.0,14.0,89.0,0.3531746031746032,False
565,8,tealady,fcapy,True,0.035103999078273766,6.988800123508554e-06,9.063500328920783e-06,300.0,18.0,14.0,89.0,0.3531746031746032,False
566,8,random_10_10_0.9,concepts,True,0.0009790000040084124,6.868599939480191e-06,6.564000159414718e-06,300.0,10.0,10.0,90.0,0.9,True
567,8,random_10_10_0.9,fcapy,True,0.003718999912962317,7.853200258978177e-06,1.0280499736836646e-05,300.0,10.0,10.0,90.0,0.9,True
568,8,lattice,concepts,True,0.0020840000361204147,7.1518998083774915e-06,6.711799869663082e-06,300.0,14.0,16.0,93.0,0.41517857142857145,False
569,8,lattice,fcapy,True,0.007796999998390675,7.170599928940646e-06,9.421800314157736e-06,300.0,14.0,16.0,93.0,0.41517857142857145,False
570,8,random_100_10_0.1,concepts,True,0.03848300129175186,1.737149977998343e-05,6.943399966985452e-06,300.0,100.0,10.0,100.0,0.1,True
571,8,random_100_10_0.1,fcapy,True,0.014050000347197056,1.1471899597381707e-05,1.80453007487813e-05,300.0,100.0,10.0,100.0,0.1,True
572,8,random_10_30_0.5,concepts,True,0.010811000131070614,7.338399882428348e-06,8.437999895249959e-06,300.0,10.0,30.0,139.0,0.4633333333333333,True
573,8,random_10_30_0.5,fcapy,True,0.17889100313186646,7.915499736554919e-06,9.045300430443604e-06,300.0,10.0,30.0,139.0,0.4633333333333333,True
574,8,random_30_10_0.5,concepts,True,0.03207600116729736,9.39110032049939e-06,7.023500074865297e-06,300.0,30.0,10.0,146.0,0.4866666666666667,True
575,8,random_30_10_0.5,fcapy,True,0.22181999683380127,7.527799880335806e-06,1.2184899787825998e-05,300.0,30.0,10.0,146.0,0.4866666666666667,True
576,8,random_30_50_0.1,concepts,True,0.018750999122858047,9.216700163960924e-06,1.1120599992864301e-05,300.0,30.0,50.0,154.0,0.10266666666666667,True
577,8,random_30_50_0.1,fcapy,True,0.0862329974770546,7.778299732308369e-06,1.104279999708524e-05,300.0,30.0,50.0,154.0,0.10266666666666667,True
578,8,random_10_50_0.5,concepts,True,0.028078999370336533,9.255099939764476e-06,1.1227200047869701e-05,300.0,10.0,50.0,255.0,0.51,True
579,8,random_10_50_0.5,fcapy,True,2.4552459716796875,1.0131299859494902e-05,9.603400030755438e-06,300.0,10.0,50.0,255.0,0.51,True
580,8,random_10_30_0.9,concepts,True,0.009948999620974064,1.0088399903906977e-05,9.016799594974144e-06,300.0,10.0,30.0,267.0,0.89,True
581,8,random_10_30_0.9,fcapy,True,0.4747979938983917,1.237680044141598e-05,1.129080010286998e-05,300.0,10.0,30.0,267.0,0.89,True
582,8,random_30_10_0.9,concepts,True,0.04668400064110756,9.78459956968436e-06,9.14350039238343e-06,300.0,30.0,10.0,276.0,0.92,True
583,8,random_30_10_0.9,fcapy,True,52.64691925048828,1.0188699889113195e-05,1.7115900845965367e-05,300.0,30.0,10.0,276.0,0.92,True
584,8,random_100_30_0.1,concepts,True,0.1709890067577362,1.5204500414256472e-05,7.649899998796172e-06,300.0,100.0,30.0,294.0,0.098,True
585,8,random_100_30_0.1,fcapy,True,0.1952060014009476,9.747400326887146e-06,1.4746899978490546e-05,300.0,100.0,30.0,294.0,0.098,True
586,8,random_30_30_0.5,concepts,True,0.6956959962844849,8.503399840265048e-06,7.3700998655112934e-06,300.0,30.0,30.0,442.0,0.4911111111111111,True
587,8,random_30_30_0.5,fcapy,True,,7.54429993321537e-06,1.0054200174636208e-05,300.0,30.0,30.0,442.0,0.4911111111111111,True
588,8,random_10_50_0.9,concepts,True,0.057038001716136925,1.0707600267778616e-05,9.727399628900455e-06,300.0,10.0,50.0,455.0,0.91,True
589,8,random_10_50_0.9,fcapy,True,,1.3922400285082404e-05,9.866300388239324e-06,300.0,10.0,50.0,455.0,0.91,True
590,8,random_100_50_0.1,concepts,True,0.3454650044441223,1.5150500075833405e-05,9.642400073062165e-06,300.0,100.0,50.0,481.0,0.0962,True
591,8,random_100_50_0.1,fcapy,True,0.7508630156517029,9.598599717719479e-06,1.4739600374014115e-05,300.0,100.0,50.0,481.0,0.0962,True
592,8,random_100_10_0.5,concepts,True,0.4762049913406372,1.518239969300339e-05,9.281399798055643e-06,300.0,100.0,10.0,496.0,0.496,True
593,8,random_100_10_0.5,fcapy,True,12.629020690917967,9.941700227500405e-06,2.010279968089889e-05,300.0,100.0,10.0,496.0,0.496,True
594,8,random_30_50_0.5,concepts,True,3.0078051090240483,8.915099897421896e-06,9.635299647925425e-06,300.0,30.0,50.0,715.0,0.4766666666666667,True
595,8,random_30_50_0.5,fcapy,True,,1.0301600013917778e-05,1.2636800420295913e-05,300.0,30.0,50.0,715.0,0.4766666666666667,True
596,8,random_30_30_0.9,concepts,True,54.65937805175781,1.1806800102931447e-05,1.141600023402134e-05,300.0,30.0,30.0,809.0,0.8988888888888888,True
597,8,random_30_30_0.9,fcapy,True,,1.3703799595532471e-05,1.6909199985093437e-05,300.0,30.0,30.0,809.0,0.8988888888888888,True
598,8,random_100_10_0.9,concepts,True,0.9417809844017028,1.941740083566401e-05,1.7876400306704454e-05,300.0,100.0,10.0,894.0,0.894,True
599,8,random_100_10_0.9,fcapy,True,,1.4836999980616385e-05,3.813310104305856e-05,300.0,100.0,10.0,894.0,0.894,True
600,8,random_30_50_0.9,concepts,True,,1.4455699783866297e-05,1.4040600035514215e-05,300.0,30.0,50.0,1361.0,0.9073333333333332,True
601,8,random_30_50_0.9,fcapy,True,,1.4594799722544849e-05,1.4149200069368814e-05,300.0,30.0,50.0,1361.0,0.9073333333333332,True
602,8,random_100_30_0.5,concepts,True,152.20455932617188,1.9195600543753244e-05,1.262580008187797e-05,300.0,100.0,30.0,1562.0,0.5206666666666667,True
603,8,random_100_30_0.5,fcapy,True,,1.402100042469101e-05,2.386350024607964e-05,300.0,100.0,30.0,1562.0,0.5206666666666667,True
604,8,random_100_50_0.5,concepts,True,,1.9113700545858595e-05,1.4488299711956644e-05,300.0,100.0,50.0,2462.0,0.4924,True
605,8,random_100_50_0.5,fcapy,True,,1.4160200407786762e-05,2.3062200853019008e-05,300.0,100.0,50.0,2462.0,0.4924,True
606,8,random_100_30_0.9,concepts,True,,2.0510999092948623e-05,1.838460048020352e-05,300.0,100.0,30.0,2659.0,0.8863333333333333,True
607,8,random_100_30_0.9,fcapy,True,,1.3864299944543744e-05,2.837650026776828e-05,300.0,100.0,30.0,2659.0,0.8863333333333333,True
608,8,bob_ross,concepts,True,62.66631317138672,6.143470091046765e-05,1.6525200408068486e-05,300.0,403.0,67.0,3221.0,0.11929187807858968,False
609,8,bob_ross,fcapy,True,,3.163870132993907e-05,5.508019967237488e-05,300.0,403.0,67.0,3221.0,0.11929187807858968,False
610,8,random_100_50_0.9,concepts,True,,2.240049980173353e-05,2.093900002364535e-05,300.0,100.0,50.0,4514.0,0.9028,True
611,8,random_100_50_0.9,fcapy,True,,2.051030060101766e-05,3.599840056267567e-05,300.0,100.0,50.0,4514.0,0.9028,True
612,9,random_10_10_0.1,concepts,True,0.0006350000039674343,4.807499863090925e-06,4.317999810155016e-06,300.0,10.0,10.0,9.0,0.09,True
613,9,random_10_10_0.1,fcapy,True,0.0021830000914633274,4.035399797430729e-06,5.925299774389714e-06,300.0,10.0,10.0,9.0,0.09,True
614,9,animal_movement,concepts,True,0.0008040000102482736,5.253300059848699e-06,4.066700057592243e-06,300.0,16.0,4.0,24.0,0.375,False
615,9,animal_movement,fcapy,True,0.0019450000254437327,4.7042999540281025e-06,7.107899818947772e-06,300.0,16.0,4.0,24.0,0.375,False
616,9,gewaesser,concepts,True,0.0013180000241845846,4.185400030110031e-06,3.9421001929440536e-06,300.0,8.0,6.0,24.0,0.5,False
617,9,gewaesser,fcapy,True,0.006335000041872263,4.341300154919736e-06,6.298199878074229e-06,300.0,8.0,6.0,24.0,0.5,False
618,9,liveinwater,concepts,True,0.0009629999985918404,4.389599780552089e-06,4.259699835529318e-06,300.0,8.0,9.0,34.0,0.4722222222222222,False
619,9,liveinwater,fcapy,True,0.0041760001331567756,4.651799827115609e-06,6.316799954220188e-06,300.0,8.0,9.0,34.0,0.4722222222222222,False
620,9,random_30_10_0.1,concepts,True,0.0029219998978078365,6.596999810426496e-06,4.6597001528425625e-06,300.0,30.0,10.0,38.0,0.12666666666666668,True
621,9,random_30_10_0.1,fcapy,True,0.005425999872386456,5.365000106394291e-06,8.03300008556107e-06,300.0,30.0,10.0,38.0,0.12666666666666668,True
622,9,random_10_30_0.1,concepts,True,0.0014489999739453194,4.69069982500514e-06,6.546099939441774e-06,300.0,10.0,30.0,39.0,0.13,True
623,9,random_10_30_0.1,fcapy,True,0.005584999918937683,4.6101999942038665e-06,6.714500159432646e-06,300.0,10.0,30.0,39.0,0.13,True
624,9,digits,concepts,True,0.0032679999712854624,6.362899966916302e-06,5.6287999541382305e-06,300.0,10.0,7.0,47.0,0.6714285714285714,False
625,9,digits,fcapy,True,0.019152000546455383,6.211299933056581e-06,8.986199645732995e-06,300.0,10.0,7.0,47.0,0.6714285714285714,False
626,9,random_10_50_0.1,concepts,True,0.0020969999022781853,6.1104001360945395e-06,1.0917899999185465e-05,300.0,10.0,50.0,48.0,0.096,True
627,9,random_10_50_0.1,fcapy,True,0.007054000161588192,6.036400009179488e-06,8.691999937582295e-06,300.0,10.0,50.0,48.0,0.096,True
628,9,random_10_10_0.5,concepts,True,0.002869999967515469,5.817300007038282e-06,5.71630016565905e-06,300.0,10.0,10.0,51.0,0.51,True
629,9,random_10_10_0.5,fcapy,True,0.01657399907708168,6.196999947860604e-06,8.359400453628041e-06,300.0,10.0,10.0,51.0,0.51,True
630,9,random_30_30_0.1,concepts,True,0.009002000093460083,8.440900273853913e-06,8.432500180788338e-06,300.0,30.0,30.0,84.0,0.09333333333333334,True
631,9,random_30_30_0.1,fcapy,True,0.037184998393058784,6.923200089659076e-06,1.0532399755902588e-05,300.0,30.0,30.0,84.0,0.09333333333333334,True
632,9,tealady,concepts,True,0.006002999842166901,6.904900146764702e-06,6.341700100165326e-06,300.0,18.0,14.0,89.0,0.3531746031746032,False
633,9,tealady,fcapy,True,0.033938001841306686,6.483900051534874e-06,9.38199991651345e-06,300.0,18.0,14.0,89.0,0.3531746031746032,False
634,9,random_10_10_0.9,concepts,True,0.000994000001810491,6.540400136145762e-06,6.525599928863812e-06,300.0,10.0,10.0,90.0,0.9,True
635,9,random_10_10_0.9,fcapy,True,0.0037799999117851257,7.611799901496852e-06,1.005060039460659e-05,300.0,10.0,10.0,90.0,0.9,True
636,9,lattice,concepts,True,0.002072999952360988,6.7314999796508346e-06,6.624100024055224e-06,300.0,14.0,16.0,93.0,0.41517857142857145,False
637,9,lattice,fcapy,True,0.007805000059306621,6.787200163671514e-06,9.375599802297073e-06,300.0,14.0,16.0,93.0,0.41517857142857145,False
638,9,random_100_10_0.1,concepts,True,0.038318000733852386,1.7827000192482956e-05,6.967400167923187e-06,300.0,100.0,10.0,100.0,0.1,True
639,9,random_100_10_0.1,fcapy,True,0.014097999781370163,1.1180000001331793e-05,1.783140032785013e-05,300.0,100.0,10.0,100.0,0.1,True
640,9,random_10_30_0.5,concepts,True,0.01083400007337332,6.873799975437578e-06,8.370700015802868e-06,300.0,10.0,30.0,139.0,0.4633333333333333,True
641,9,random_10_30_0.5,fcapy,True,0.17677900195121765,8.038499800022691e-06,8.896699910110327e-06,300.0,10.0,30.0,139.0,0.4633333333333333,True
642,9,random_30_10_0.5,concepts,True,0.03220599889755249,8.536299901606979e-06,6.875399776617996e-06,300.0,30.0,10.0,146.0,0.4866666666666667,True
643,9,random_30_10_0.5,fcapy,True,0.2269590049982071,7.1743002081348095e-06,1.2033499842800666e-05,300.0,30.0,10.0,146.0,0.4866666666666667,True
644,9,random_30_50_0.1,concepts,True,0.018812000751495358,8.801999683782924e-06,1.104889997805003e-05,300.0,30.0,50.0,154.0,0.10266666666666667,True
645,9,random_30_50_0.1,fcapy,True,0.08544900268316269,7.1477002165920575e-06,1.0887500138778703e-05,300.0,30.0,50.0,154.0,0.10266666666666667,True
646,9,random_10_50_0.5,concepts,True,0.02833000011742115,8.431699825450778e-06,1.1300399819447192e-05,300.0,10.0,50.0,255.0,0.51,True
647,9,random_10_50_0.5,fcapy,True,2.462929010391236,1.0054400263470598e-05,9.52949994825758e-06,300.0,10.0,50.0,255.0,0.51,True
648,9,random_10_30_0.9,concepts,True,0.010060999542474748,9.136399967246687e-06,9.142099770542696e-06,300.0,10.0,30.0,267.0,0.89,True
649,9,random_10_30_0.9,fcapy,True,0.4806030094623566,1.2325600437179672e-05,1.137569961429108e-05,300.0,10.0,30.0,267.0,0.89,True
650,9,random_30_10_0.9,concepts,True,0.046507999300956726,9.29890029510716e-06,9.233600394509269e-06,300.0,30.0,10.0,276.0,0.92,True
651,9,random_30_10_0.9,fcapy,True,65.23200988769531,9.986099939851556e-06,1.6854699424584396e-05,300.0,30.0,10.0,276.0,0.92,True
652,9,random_100_30_0.1,concepts,True,0.21214300394058228,1.831860026868526e-05,9.482099812885279e-06,300.0,100.0,30.0,294.0,0.098,True
653,9,random_100_30_0.1,fcapy,True,0.2416930049657821,1.1421900126151739e-05,1.8332799299969334e-05,300.0,100.0,30.0,294.0,0.098,True
654,9,random_30_30_0.5,concepts,True,0.8620190024375916,9.592799870006274e-06,9.313599548477214e-06,300.0,30.0,30.0,442.0,0.4911111111111111,True
655,9,random_30_30_0.5,fcapy,True,,9.151899575954305e-06,1.2565299584821332e-05,300.0,30.0,30.0,442.0,0.4911111111111111,True
656,9,random_10_50_0.9,concepts,True,0.06870599836111069,1.233730017702328e-05,1.1987000107183121e-05,300.0,10.0,50.0,455.0,0.91,True
657,9,random_10_50_0.9,fcapy,True,,1.6873800632311024e-05,1.2090000382158905e-05,300.0,10.0,50.0,455.0,0.91,True
658,9,random_100_50_0.1,concepts,True,0.4406040012836456,1.8408700270811096e-05,1.191709998238366e-05,300.0,100.0,50.0,481.0,0.0962,True
659,9,random_100_50_0.1,fcapy,True,0.9282780289649964,1.1720700058504008e-05,1.8597100279293954e-05,300.0,100.0,50.0,481.0,0.0962,True
660,9,random_100_10_0.5,concepts,True,0.5899969935417175,1.803039958758745e-05,1.1596400327107405e-05,300.0,100.0,10.0,496.0,0.496,True
661,9,random_100_10_0.5,fcapy,True,15.684635162353516,1.184370012197178e-05,2.515639971534256e-05,300.0,100.0,10.0,496.0,0.496,True
662,9,random_30_50_0.5,concepts,True,3.321760892868042,1.0226600352325477e-05,1.1882299986609725e-05,300.0,30.0,50.0,715.0,0.4766666666666667,True
663,9,random_30_50_0.5,fcapy,True,,9.939700248651206e-06,1.2689400136878247e-05,300.0,30.0,50.0,715.0,0.4766666666666667,True
664,9,random_30_30_0.9,concepts,True,44.591087341308594,9.456900443183258e-06,9.205199603457004e-06,300.0,30.0,30.0,809.0,0.8988888888888888,True
665,9,random_30_30_0.9,fcapy,True,,1.081570007954724e-05,1.368529956380371e-05,300.0,30.0,30.0,809.0,0.8988888888888888,True
666,9,random_100_10_0.9,concepts,True,0.8397960066795349,1.5530900782323442e-05,1.4370700228028e-05,300.0,100.0,10.0,894.0,0.894,True
667,9,random_100_10_0.9,fcapy,True,,1.4226099665393122e-05,3.788879985222593e-05,300.0,100.0,10.0,894.0,0.894,True
668,9,random_30_50_0.9,concepts,True,,1.4299500435299704e-05,1.4001900126459075e-05,300.0,30.0,50.0,1361.0,0.9073333333333332,True
669,9,random_30_50_0.9,fcapy,True,,1.7553200450493023e-05,1.7410800865036435e-05,300.0,30.0,50.0,1361.0,0.9073333333333332,True
670,9,random_100_30_0.5,concepts,True,152.61326599121094,1.932049963215832e-05,1.264040020032553e-05,300.0,100.0,30.0,1562.0,0.5206666666666667,True
671,9,random_100_30_0.5,fcapy,True,,1.282339962926926e-05,2.400459925411269e-05,300.0,100.0,30.0,1562.0,0.5206666666666667,True
672,9,random_100_50_0.5,concepts,True,,1.9135099137201905e-05,1.4549899788107725e-05,300.0,100.0,50.0,2462.0,0.4924,True
673,9,random_100_50_0.5,fcapy,True,,1.3865699656889774e-05,2.286410017404705e-05,300.0,100.0,50.0,2462.0,0.4924,True
674,9,random_100_30_0.9,concepts,True,,2.0601399228326045e-05,1.8526399799156934e-05,300.0,100.0,30.0,2659.0,0.8863333333333333,True
675,9,random_100_30_0.9,fcapy,True,,1.678969965723809e-05,3.504240157781169e-05,300.0,100.0,30.0,2659.0,0.8863333333333333,True
676,9,bob_ross,concepts,True,62.283851623535156,6.173399742692709e-05,1.6549200154258873e-05,300.0,403.0,67.0,3221.0,0.11929187807858968,False
677,9,bob_ross,fcapy,True,,3.0382700060727075e-05,5.482709821080789e-05,300.0,403.0,67.0,3221.0,0.11929187807858968,False
678,9,random_100_50_0.9,concepts,True,,2.259959910588805e-05,2.1034700694144707e-05,300.0,100.0,50.0,4514.0,0.9028,True
679,9,random_100_50_0.9,fcapy,True,,1.6890700862859376e-05,2.8761700377799574e-05,300.0,100.0,50.0,4514.0,0.9028,True
